hash,from,to,value_eth,timestamp
0x74f7fbfe5a0bd3ef2189619497d9c8445a0b8e6d5630e490534a3d2b6924ac33,0xe546480138d50bb841b204691c39cc514858d101,0x098b716b8aaf21512996dc57eb0615e2383e2f96,0.0,1740859967
0x6cbd30d24ef00f00763617f75ac1c56fc6d41320cb11326df9603cb73932aa55,0xfc3ff9d9abd3abadda68821e443779beb1082f43,0x098b716b8aaf21512996dc57eb0615e2383e2f96,0.0005,1722968183
0xb37bc24d865a8021425dff01cd6cc7673010cb7642cd7c73be728cea8fda0dae,0x09564ac9288ed66bd32e793e76ce4336c1a9ed00,0x098b716b8aaf21512996dc57eb0615e2383e2f96,1.1111111111111e-05,1715643215
0x7411f1ed289a955e91e5074c75d4af832517dc79e01a3d0530ceb7f2123cb26a,0xbc25d517cc9d7ea453622ded3213302de34d29eb,0x098b716b8aaf21512996dc57eb0615e2383e2f96,1.001e-06,1712199695
0xceb93d896a12e23cf1dc13b7569bc82c9428cd978d2fe9735b6b0b4d7bfe4795,0xdf225c04450504e9198569982c98de2e15b9df2a,0x098b716b8aaf21512996dc57eb0615e2383e2f96,1.74921564e-06,1712198891
0x229e7814c872cc447940e00bf5923cbbb95cf9975f8e24b1ea1c30f41d6a1956,0xe129927cfc61ce2f0b2a0ca6d8f9482d4ee60c64,0x098b716b8aaf21512996dc57eb0615e2383e2f96,2.0,1708746647
0x25e27694fe23b4e5ec01f0ca0ba4966bb4e7c9afd95174d3b80f98e54ad6b2b3,0x4e5b2e1dc63f6b91cb6cd759936495434c7e972f,0x098b716b8aaf21512996dc57eb0615e2383e2f96,0.0090648,1698202019
0xf597722f3619a0aae57e97e6c4b8adc1b354e8f966861b13c146b40b97d7d062,0x9e40b3ecec1be687053326c0c3fe51aca69eb8dc,0x098b716b8aaf21512996dc57eb0615e2383e2f96,0.0,1691781683
0xcb5305c3dc2c2f7252d1e15eeb0474a5f7ad9a3cb2f00df494cc76411c337a1d,0xe2601b3896198443a41506a8c2ca6f116f1e9b72,0x098b716b8aaf21512996dc57eb0615e2383e2f96,0.000101001,1691417315
0x8ca9b69564cc08205c6071d7586bc85666f2b1c7eed641af58fea74a0a63b9b5,0x46eb5bee5db0c565f5fa4e83ed8dc0fb6de3cd92,0x098b716b8aaf21512996dc57eb0615e2383e2f96,0.0,1691221415
0x693347bbe20aee88199c28b642c8669ba367ac392aa01b45bdc0b1736422439e,0x60dc5bb048310224b8732d732f4a32d16690e470,0x098b716b8aaf21512996dc57eb0615e2383e2f96,0.0,1679628611
0x4f54b0e4b3d1f8312698a75f8b9828e4ce5b83a9ca11a88a5d3c4d7e118f49b4,0x4293b5dc11b250078da7359d7d57c15eecfcf70a,0x098b716b8aaf21512996dc57eb0615e2383e2f96,0.0,1679425019
0x7a4380792960756246105335dc4f58233ee93d94f62267f98832c453f1df5757,0x4293b5dc11b250078da7359d7d57c15eecfcf70a,0x098b716b8aaf21512996dc57eb0615e2383e2f96,0.0,1679425007
0x01792f7d80bea37a77edec72d2cc34018f4b4282d4551a71e6c00b386b5ff925,0x4293b5dc11b250078da7359d7d57c15eecfcf70a,0x098b716b8aaf21512996dc57eb0615e2383e2f96,0.0,1679424983
0xfec610845a006aba5f3d7c1129feebb2668b2245141f836aec03f2912eea54b8,0x4293b5dc11b250078da7359d7d57c15eecfcf70a,0x098b716b8aaf21512996dc57eb0615e2383e2f96,0.0,1679424983
0xa59ffc4cb272f13f6e5d74e2b7e6dccb3627137e7a4bc19887662d90e8c4ad2b,0x5b94fdc888c58dad24192573bba64e718db1408c,0x098b716b8aaf21512996dc57eb0615e2383e2f96,0.0,1679419715
0xcf0b3487dc443f1ef92b4fe27ff7f89e07588cdc0e2b37d50adb8158c697cea6,0x098b716b8aaf21512996dc57eb0615e2383e2f96,0xb66cd966670d962c227b3eaba30a872dbfb995db,2.0,1679418143
0x871829d4928a173433fe1910dd74e3738c804134f5b7d1ff7e25a09550c3ef2b,0xe3ae7649b160b2a38d1d286413bf1956620d9841,0x098b716b8aaf21512996dc57eb0615e2383e2f96,0.0001010011,1679228327
0x2ea87bb66d08272b16da5ffad4083ff0403dda467d35fd14f5b7dab2d7c1efb2,0xe3ae7649b160b2a38d1d286413bf1956620d9841,0x098b716b8aaf21512996dc57eb0615e2383e2f96,1.010011e-07,1679227547
0xe583bf07020e9b3a6cf73884e2d53fe68868cade95a298d1bd33181c5a283e9a,0xe3ae7649b160b2a38d1d286413bf1956620d9841,0x098b716b8aaf21512996dc57eb0615e2383e2f96,0.0,1679174735
0xeb3251022b92df7ab6d93425beebc5c47f4d280eec41c0c393ad2997b0e7966f,0x5b94fdc888c58dad24192573bba64e718db1408c,0x098b716b8aaf21512996dc57eb0615e2383e2f96,0.0,1679103647
0x202a67d3a1d52e4dd5e1eebe49da511164b6e4a1ebe717dcf4674dd83a2bd457,0xb66cd966670d962c227b3eaba30a872dbfb995db,0x098b716b8aaf21512996dc57eb0615e2383e2f96,100.0,1679024903
0xa19bf0e1fa40e9dbf07eeb7e1c66fa144e2b8fa3d1a7b34d23486c725b7cbd3a,0x0db57b22f78227ef59c872fd288eafef7860c46a,0x098b716b8aaf21512996dc57eb0615e2383e2f96,0.0001,1654049332
0x57d1c2d19d30c82f3401be0254dfc7282879278140a55e88ccdb47b5cfc7c65a,0xb84b2c205b27d562345f093fb3d1b36ce890d396,0x098b716b8aaf21512996dc57eb0615e2383e2f96,1e-05,1653191977
0xa0427076e8a3ae2aca5e94928c71a54bbc02bd7c56930f4b126336a21baebc2d,0x098b716b8aaf21512996dc57eb0615e2383e2f96,0x08723392ed15743cc38513c4925f5e6be5c17243,12595.3,1651649545
0xfd578594dfc23e8ec1403e79ab96cff14c4941b03bbd67674df925faecf32eec,0x098b716b8aaf21512996dc57eb0615e2383e2f96,0x3e37627deaa754090fbfbb8bd226c1ce66d255e9,23528.8,1651566208
0xc215bba75bb84fb1e30b5e604f690468bef7de64a73a1a4ce91a83e30585bb2a,0x46d126be6902661d640d5b2bfe8e3a283836299d,0x098b716b8aaf21512996dc57eb0615e2383e2f96,1e-05,1651071163
0xb743785cf049b0577ad22646fa1db6ae13414294c35ef65195b24aa97534c250,0x68af8805f64dcbe82bebd3c22372d3bba2210e5c,0x098b716b8aaf21512996dc57eb0615e2383e2f96,1e-05,1651070245
0x06d514d941f75671fb1edbccf93a5b959a66b7c10a9d51aa06c29ad0e859cb5c,0x15b853f23a236023e5b465151d76bfffc831f4f6,0x098b716b8aaf21512996dc57eb0615e2383e2f96,0.0001,1651063234
0xadee9d8ba4bed9247c8eac99a4a028f24e3cb9544e3f395f1fd661cbacf99a21,0x098b716b8aaf21512996dc57eb0615e2383e2f96,0xf7b31119c2682c88d88d455dbb9d5932c65cf1be,25127.5192,1651057532
0x1dc458bb6ad496f335b37ccad4cee8ebe74fa896b0a09c7dc73feec2c8ea2769,0x34c5b753066d64f3585e4c73e68d5aeb94e3a79b,0x098b716b8aaf21512996dc57eb0615e2383e2f96,0.0,1650788518
0x9f6a19c9fed374450dcb1657d5e404ec8a60be752b07c1db1f21049d7bf8d61a,0x098b716b8aaf21512996dc57eb0615e2383e2f96,0x35fb6f6db4fb05e6a4ce86f2c93691425626d4b1,33568.152,1650782869
0x47e885cb65ecb70fbb9e535a2f0fe742e8eaf64b563ac94ccd08358ed5c78a26,0x5a1a006a7a345dfa518c6c185cf5cbf3b5c05160,0x098b716b8aaf21512996dc57eb0615e2383e2f96,0.0,1650616069
0x5ed7272989ec97be9109758482febef673fd433fb1cf8c043a79b45c502b9f98,0xdd28fd615c9cdb516c73a0110de2bc28f1f83cb7,0x098b716b8aaf21512996dc57eb0615e2383e2f96,1e-06,1650527294
0x899ad3622b561e9175be78c1c819242ca60279430ed49cce488fd3803a1511d4,0x098b716b8aaf21512996dc57eb0615e2383e2f96,0x53b6936513e738f44fb50d2b9476730c0ab3bfc1,21629.48215,1650525559
0xac9d100758f62e7c9de9fde89acd31b80a7a02b95f8dfe61a8a179b80b4003eb,0xeb92ed6e619bcc7a892f559f7c2ff20e41a8d1e4,0x098b716b8aaf21512996dc57eb0615e2383e2f96,1e-08,1650447191
0x81964d33cff2f25cee36985f1abf09129a2517cd43b78d0e19b791e2634e14c6,0xd5e3b827ecce4f357beb6a13f5bc5a8fb96df591,0x098b716b8aaf21512996dc57eb0615e2383e2f96,0.0001,1650447078
0xbd5d43369d1cf8472926764b57164bd408051c54a0d116d8e6bca1631425176f,0xd5e3b827ecce4f357beb6a13f5bc5a8fb96df591,0x098b716b8aaf21512996dc57eb0615e2383e2f96,0.0002,1650447032
0x23d9242cac2250c66026d53fed18ddef4b9437f0327db1887f1a0629b7c869bf,0xc3c972f575976dece74cb19cd4d7ec4c55fdf47f,0x098b716b8aaf21512996dc57eb0615e2383e2f96,0.00069,1650446080
0x11a5496f634f896dd51cfaf340bf0e9ea1ae98276a1c847fe22f2253fe1f97dd,0xc3c972f575976dece74cb19cd4d7ec4c55fdf47f,0x098b716b8aaf21512996dc57eb0615e2383e2f96,6.9e-05,1650445779
0xacb222367cba509acd186589b2a7d5e7b223db896478489beae9a61360460626,0xc3c972f575976dece74cb19cd4d7ec4c55fdf47f,0x098b716b8aaf21512996dc57eb0615e2383e2f96,6.9e-05,1650445613
0x25533053b29c4d0c5ff9a90e2f4cb81083a84d573966f680602791141aaf83b7,0xc3c972f575976dece74cb19cd4d7ec4c55fdf47f,0x098b716b8aaf21512996dc57eb0615e2383e2f96,0.001,1650445334
0x1115ed4fb26fb4528a04c678c6ecdaf643ba79235c3576ed1328c1f767466d57,0x03cf40b900971561ac6bd997ef1fe939dcbc95e2,0x098b716b8aaf21512996dc57eb0615e2383e2f96,0.0,1650356979
0xf5f2776960980db327489271e597e528a1073cd370436d94aa1e1aff734dce7a,0x03cf40b900971561ac6bd997ef1fe939dcbc95e2,0x098b716b8aaf21512996dc57eb0615e2383e2f96,0.0,1650356972
0x5345e7495bc1494a89127c7298a62866ef09a70c432b822095f71310f0ed374d,0x03cf40b900971561ac6bd997ef1fe939dcbc95e2,0x098b716b8aaf21512996dc57eb0615e2383e2f96,0.0,1650356951
0x4a46cc18137c0793ba58caebe4917d1c94c4b79f13d0c3ae5e6a29ae706e6bc4,0x03cf40b900971561ac6bd997ef1fe939dcbc95e2,0x098b716b8aaf21512996dc57eb0615e2383e2f96,0.0,1650356917
0x673e8b66443492cac63b94b6b3de9f57d89aeffaf6cfcf79f94f4725e13d705a,0x03cf40b900971561ac6bd997ef1fe939dcbc95e2,0x098b716b8aaf21512996dc57eb0615e2383e2f96,0.0,1650356917
0x877b16b11963d35f97691f45b7bbb3c02136bded90e1c66819b58d3727f24cb3,0x03cf40b900971561ac6bd997ef1fe939dcbc95e2,0x098b716b8aaf21512996dc57eb0615e2383e2f96,0.0,1650356907
0x6a600a251ef69152b25803e0916bcfb7e9ec455b15304ab02f46573f8b867b2b,0x03cf40b900971561ac6bd997ef1fe939dcbc95e2,0x098b716b8aaf21512996dc57eb0615e2383e2f96,0.0,1650356888
0xaf1385f6c2e8afb5217211af5eff94b8516119e460704393f2553563e45f0aa2,0x03cf40b900971561ac6bd997ef1fe939dcbc95e2,0x098b716b8aaf21512996dc57eb0615e2383e2f96,0.0,1650356877
0x41703697d94758409472745ddf44bdbab2693ea839b9ca9fece39fada851a773,0x03cf40b900971561ac6bd997ef1fe939dcbc95e2,0x098b716b8aaf21512996dc57eb0615e2383e2f96,0.0,1650356842
0x046296d764905ff8d273d915d01449a2a584c9aac09f0ce2c614de83fcf77cd7,0x03cf40b900971561ac6bd997ef1fe939dcbc95e2,0x098b716b8aaf21512996dc57eb0615e2383e2f96,0.0,1650356842
0x9453b1dc1ad6873020dbf0d78d915fe31b4acb44e025e2d14d18183fc58ceddc,0x03cf40b900971561ac6bd997ef1fe939dcbc95e2,0x098b716b8aaf21512996dc57eb0615e2383e2f96,0.0,1650356830
0x9114a6eefaa9ac4c7ab62c815739986535c107cbc8dce2220490ef67121b7bc5,0x03cf40b900971561ac6bd997ef1fe939dcbc95e2,0x098b716b8aaf21512996dc57eb0615e2383e2f96,0.0,1650356807
0x5b53a20a7a85a5040b5a079eb08c863b51aba5d3ca43721dba21ba40bb6ee14c,0x03cf40b900971561ac6bd997ef1fe939dcbc95e2,0x098b716b8aaf21512996dc57eb0615e2383e2f96,0.0,1650356805
0xfd1b9e48ab4344a805db377e57444fa088014c697e67caee22109f0a3d86b495,0x03cf40b900971561ac6bd997ef1fe939dcbc95e2,0x098b716b8aaf21512996dc57eb0615e2383e2f96,0.0,1650356783
0xffa5f72d378232300ae3c55ca1408803de096be4490cf2e970b5487b3d722462,0x03cf40b900971561ac6bd997ef1fe939dcbc95e2,0x098b716b8aaf21512996dc57eb0615e2383e2f96,0.0,1650356769
0x0ec30f13404983a24f9b8a9fac141485915f95a295e0321c9812d91834f27eb0,0x03cf40b900971561ac6bd997ef1fe939dcbc95e2,0x098b716b8aaf21512996dc57eb0615e2383e2f96,0.0,1650356748
0xd7d478ef74992ad30b42d60d842d8b0c160f8c9c8d1b4144ac961749691036e2,0x03cf40b900971561ac6bd997ef1fe939dcbc95e2,0x098b716b8aaf21512996dc57eb0615e2383e2f96,0.0,1650356748
0x6bfa6b0d65623bad858a9ec884fa17c8d2bb052e2cc89e050192921487be4e1d,0x03cf40b900971561ac6bd997ef1fe939dcbc95e2,0x098b716b8aaf21512996dc57eb0615e2383e2f96,0.0,1650356707
0xf0d0193a236e86cc773846d6471123a81355858f30c57c5790102b5935918d9d,0x03cf40b900971561ac6bd997ef1fe939dcbc95e2,0x098b716b8aaf21512996dc57eb0615e2383e2f96,0.0,1650356707
0xcad0c0c48d061f8376e241f142815efbd8cd2cb2172dc3638c687a138cffb87f,0x03cf40b900971561ac6bd997ef1fe939dcbc95e2,0x098b716b8aaf21512996dc57eb0615e2383e2f96,0.0,1650356688
0xbd1127382bceac261010c9d0ded59ca7ad0f909f18792613783672216847ba12,0x03cf40b900971561ac6bd997ef1fe939dcbc95e2,0x098b716b8aaf21512996dc57eb0615e2383e2f96,0.0,1650356671
0x9906ef69a232be7695c4db4e2d714abc380d20c3cbfa0015dc4c209a60c0f7e2,0x03cf40b900971561ac6bd997ef1fe939dcbc95e2,0x098b716b8aaf21512996dc57eb0615e2383e2f96,0.0,1650356635
0x55581e4e872bc41a25ed305397640ab80a1b63ae27676c24989c11e2ae0e5779,0x03cf40b900971561ac6bd997ef1fe939dcbc95e2,0x098b716b8aaf21512996dc57eb0615e2383e2f96,0.0,1650356635
0x81464f821031c805316aa0b5262301a2f6351599f349dff5944201c73defcf5a,0x03cf40b900971561ac6bd997ef1fe939dcbc95e2,0x098b716b8aaf21512996dc57eb0615e2383e2f96,0.0,1650356635
0xc15ac74759c08b37457bee230e378a89b5c91cb5ae0cd1ad854da28379e5a5cb,0x03cf40b900971561ac6bd997ef1fe939dcbc95e2,0x098b716b8aaf21512996dc57eb0615e2383e2f96,0.0,1650356607
0xc69fb991c814482cb3497d23644cf45b772330dab2cf819c1d005a1e79df1724,0xdd28fd615c9cdb516c73a0110de2bc28f1f83cb7,0x098b716b8aaf21512996dc57eb0615e2383e2f96,1e-06,1650352535
0xc37565f1133d98e9290f5d67239cfd51d7569e87fe090cbf17da60e5a279673a,0xdd28fd615c9cdb516c73a0110de2bc28f1f83cb7,0x098b716b8aaf21512996dc57eb0615e2383e2f96,1e-05,1650352535
0xa0b693361fbbf51940e613bb4fd50fe94cf60a54934cb946a007c014c97c230f,0x098b716b8aaf21512996dc57eb0615e2383e2f96,0xa0e1c89ef1a489c9c7de96311ed5ce5d32c20e4b,18256.81,1650334529
0xd28a321be0d68f47f1f112fddb75eab84ac121fe16b1e9aa3fbe150eddd7a6f3,0x6624b6f9d8b79d7e5ecdc9178e65c1f9156b64e7,0x098b716b8aaf21512996dc57eb0615e2383e2f96,0.0001,1650312742
0xa04e541b9de9ab8961a355e063fa256a1ed40fd9a48620431d9389121f2f6d29,0x098b716b8aaf21512996dc57eb0615e2383e2f96,0x3cffd56b47b7b41c56258d9c7731abadc360e073,10129.935,1650287683
0xc98e833670c731e6e3e6471b013eed1c827e0a36206bb2f77e30633e4f79c70e,0x568f8aa2dcd5a2e989411d163c4ba577e951fb97,0x098b716b8aaf21512996dc57eb0615e2383e2f96,0.0,1650098723
0x6240848d80e7de9ac42fa16dd121f702bdf94183f05cda310adcb7a135ff9336,0x098b716b8aaf21512996dc57eb0615e2383e2f96,0xbc5639887283eaf1b8e966e0b2fa6998d2ec6404,2915.24,1650010445
0x46e97a91db318ed543c251f61f46301d329d794af9f94886f834869bb89ee828,0xa1061d3b77b3f72f7c41f43fdc7c177e0029ed74,0x098b716b8aaf21512996dc57eb0615e2383e2f96,1e-05,1649999283
0x50a31cadff8fac58422e84b078830801e1966e2c94e1ec32068a6d173a2e8bad,0x5a1a006a7a345dfa518c6c185cf5cbf3b5c05160,0x098b716b8aaf21512996dc57eb0615e2383e2f96,0.001,1649914331
0x803c397ed419d922feedfa6d298b8a59d75641238ff5b8c7ae38199ffebcd1cc,0x568f8aa2dcd5a2e989411d163c4ba577e951fb97,0x098b716b8aaf21512996dc57eb0615e2383e2f96,0.0,1649911319
0x6c34e648f12f81de8990f2e5683636a97a7b9c4cef8245aeaa8080da3b346e38,0x098b716b8aaf21512996dc57eb0615e2383e2f96,0x1bf53ce80ff2ed5711b8a2db8f7ea5b38da118d6,3302.6,1649903061
0x4543beb088d0d06351363d537f39e3990a63e046bdad61c6bcf130a9d1a380bc,0x27ec05564ce7104e9006cbaf128341c991024ae5,0x098b716b8aaf21512996dc57eb0615e2383e2f96,4.1435754633e-05,1649897813
0x761ad9c1fd4cbffd9fc9c5875253fe852ba59f18a948b9d6fe3ea1173f7223ec,0x098b716b8aaf21512996dc57eb0615e2383e2f96,0x77532dd2eb6e8eaf416f39c65f48cd2369782828,3202.3294,1649822606
0xde8f731b6c79ba03005bd4f52063ed0c608e4670aaa09efa2a815966fea3a010,0x03cf40b900971561ac6bd997ef1fe939dcbc95e2,0x098b716b8aaf21512996dc57eb0615e2383e2f96,0.0,1649764985
0x289af48857ffd200298f3c6a7aebe13c43b866b8feb9726822f896b21b7f318b,0x03cf40b900971561ac6bd997ef1fe939dcbc95e2,0x098b716b8aaf21512996dc57eb0615e2383e2f96,0.0,1649764963
0x3d582ecd53556119bbb8e1b1eb42c66fec5a10da2533a34637efe8ff6bc23b70,0x03cf40b900971561ac6bd997ef1fe939dcbc95e2,0x098b716b8aaf21512996dc57eb0615e2383e2f96,0.0,1649764935
0x2a9c652680efec28ddb94f92013019731aa1d9ee2359cb4be8a910552f3ae21f,0x03cf40b900971561ac6bd997ef1fe939dcbc95e2,0x098b716b8aaf21512996dc57eb0615e2383e2f96,0.0,1649764901
0x2c91d09e980789723c6d2723447a3d1fefe5c55763af1954c6f9ac17298f3e0a,0x03cf40b900971561ac6bd997ef1fe939dcbc95e2,0x098b716b8aaf21512996dc57eb0615e2383e2f96,0.0,1649764889
0x30cae8912b1d71359a8dad672737042a882f1055e1937a7fb329f318f3ed1f0e,0x03cf40b900971561ac6bd997ef1fe939dcbc95e2,0x098b716b8aaf21512996dc57eb0615e2383e2f96,0.0,1649764878
0x06a9d621fddfb072a485ae22fe25fbd1cdac6e5157cf5390d5fabf45ac31f610,0x03cf40b900971561ac6bd997ef1fe939dcbc95e2,0x098b716b8aaf21512996dc57eb0615e2383e2f96,0.0,1649764851
0xf9dc41ccebeaf170b03028497505b0894d7d9e1265bcabeb1c2d010d7a82ec1a,0x03cf40b900971561ac6bd997ef1fe939dcbc95e2,0x098b716b8aaf21512996dc57eb0615e2383e2f96,0.0,1649764792
0x516384a8d899707356d9356e2daaa9458b32100c0625415bea27f42f93f06d84,0x098b716b8aaf21512996dc57eb0615e2383e2f96,0xb2369d20e7f0c46270b9f79ab26fc62fada356c7,2941.26,1649739714
0x0d2bdf2f782e06f017e85a58b0e05a6b74cc9a0886949d48e8a1ceba9c136c95,0xd690758a425ed7b2e3a225c2b40bc65300c67d4f,0x098b716b8aaf21512996dc57eb0615e2383e2f96,0.0,1649722874
0x82b0565ea3ad1527ef49c743b9151928cce48183e1b2fc6ef26abf15a4f9f42a,0xd690758a425ed7b2e3a225c2b40bc65300c67d4f,0x098b716b8aaf21512996dc57eb0615e2383e2f96,0.0,1649722178
0xb6f33780716372dd647f9293d0a66ed794024a6e29b22b1b45a6299bb04c3819,0xd690758a425ed7b2e3a225c2b40bc65300c67d4f,0x098b716b8aaf21512996dc57eb0615e2383e2f96,0.0,1649720490
0xc9c7fccc01ab357b5275a56067534da51196d82aa30196e294a65a14a7af7076,0x098b716b8aaf21512996dc57eb0615e2383e2f96,0xfce9d04133701a77589615c23def7ba98289c8e2,2510.78492,1649678348
0xb2c54e2aeed8292e27a0906d40a3b46ac63ae5a7d77b842024acd07a77de1ff3,0x03cf40b900971561ac6bd997ef1fe939dcbc95e2,0x098b716b8aaf21512996dc57eb0615e2383e2f96,0.0,1649508762
0x65c4a7f0f6c397339af87ccefac039e83f21aa648d30fcb360c3f855a21970e2,0x03cf40b900971561ac6bd997ef1fe939dcbc95e2,0x098b716b8aaf21512996dc57eb0615e2383e2f96,0.0,1649508737
0xabe786af2dcfa7f1f31448aafa6b6dd3303cd7610e3179dae203646c0e179528,0x03cf40b900971561ac6bd997ef1fe939dcbc95e2,0x098b716b8aaf21512996dc57eb0615e2383e2f96,0.0,1649508737
0x1330be1b68691ea3b99848434b60ba9e5ff7e038b704567409f42970587763be,0x03cf40b900971561ac6bd997ef1fe939dcbc95e2,0x098b716b8aaf21512996dc57eb0615e2383e2f96,0.0,1649508694
0x5e20c4cfd00586d5cfec641d40e68869f2bf853033eb344de15f69a8a111a218,0x03cf40b900971561ac6bd997ef1fe939dcbc95e2,0x098b716b8aaf21512996dc57eb0615e2383e2f96,0.0,1649508635
0xc1017b79cb4fa307f8859fe116e48a954332415323a76dca8a88d8eed638fb4c,0x03cf40b900971561ac6bd997ef1fe939dcbc95e2,0x098b716b8aaf21512996dc57eb0615e2383e2f96,0.0,1649508635
0x84c380d079bac74f686dad157451cef1afd84496f36dcb6da4c473053c3b38dc,0x03cf40b900971561ac6bd997ef1fe939dcbc95e2,0x098b716b8aaf21512996dc57eb0615e2383e2f96,0.0,1649508635
0x8fad1a43e9b6d6b3774488cfd675da589571411e7ef3350edc8ed43ae2e705c6,0x03cf40b900971561ac6bd997ef1fe939dcbc95e2,0x098b716b8aaf21512996dc57eb0615e2383e2f96,0.0,1649508635
0xd3f6a4ebb7621723258e68a29901ba4e25ef0f5b925396fb6cd524bff8e1e045,0x03cf40b900971561ac6bd997ef1fe939dcbc95e2,0x098b716b8aaf21512996dc57eb0615e2383e2f96,0.0,1649508618
0xd29b52cb72b66fbb89be5138614792088ae744166651014e56b313d6f9f593d0,0x03cf40b900971561ac6bd997ef1fe939dcbc95e2,0x098b716b8aaf21512996dc57eb0615e2383e2f96,0.0,1649508606
0xa4395270dfb15600afeaca20dec2e57243a7e2bc440d16e8b5f9fb7ac5f4dcfc,0x03cf40b900971561ac6bd997ef1fe939dcbc95e2,0x098b716b8aaf21512996dc57eb0615e2383e2f96,0.0,1649508586
0x7c0e271b2c8717040b1327a12b0eac96077bc60d7356ae3d73acd95c21ecdbac,0x03cf40b900971561ac6bd997ef1fe939dcbc95e2,0x098b716b8aaf21512996dc57eb0615e2383e2f96,0.0,1649508579
0xec9316071d729998365d6534124b488bf3342674de8053b5187fcd3352d43d86,0x03cf40b900971561ac6bd997ef1fe939dcbc95e2,0x098b716b8aaf21512996dc57eb0615e2383e2f96,0.0,1649508574
0x3be09bb2c952c3259e08de1e94c3df26d8dd28cb9c758bf69cc05b39add05d40,0x098b716b8aaf21512996dc57eb0615e2383e2f96,0x1361c1e18930483f4aaf91f3a263937e4fcc1f39,3002.985,1649472763
0x78fe8610e939da057c17e46400ef3797fa6e4c07187528ba6d69b7c8a76fc171,0x098b716b8aaf21512996dc57eb0615e2383e2f96,0xbcd78c2d608e7ceb3d25bea30fae8a9d57033868,3102.6215,1649472414
0xbdeaabb1a5e4e53846308e31dbf0a2de8ba4ec87724b2c00121379f0f38de54c,0x098b716b8aaf21512996dc57eb0615e2383e2f96,0x5b0431365ce1ab3693bea6f33ae67653dd30d8bd,2803.2561,1649391999
0xdc622015bcc5ba589bb6299fd988997367c3e1a3a432b369b399006e3a7177d3,0xdd28fd615c9cdb516c73a0110de2bc28f1f83cb7,0x098b716b8aaf21512996dc57eb0615e2383e2f96,1e-05,1649348042
0x831efb08e43c04c6d7c40232a156c558408267202961dd69a9948795d0ab5f5b,0xc9b1af85e32f378121e8cbd2c6511c291cbc4462,0x098b716b8aaf21512996dc57eb0615e2383e2f96,0.0,1649347543
0x0e183c1082a8039bafab290dc3279e5f6189e9c7514ccb797b358d5f9512c21a,0xdd28fd615c9cdb516c73a0110de2bc28f1f83cb7,0x098b716b8aaf21512996dc57eb0615e2383e2f96,1e-05,1649314704
0x284c64dc6788dc7bcdaaee2eee20c430e0860904fb3b1ab11147767f896084e1,0x098b716b8aaf21512996dc57eb0615e2383e2f96,0x429a66e7bd829f9453cee5239bfeaf5657a11a3e,2018.23529,1649297589
0x5fc1842945265d382b0085f9092dc58920c4f31c4da24f07065808e080785d53,0xd3bf040c7079a6b5b6bfb5a71f842124100b01ef,0x098b716b8aaf21512996dc57eb0615e2383e2f96,0.0,1649256188
0x785463172a15df7cb2f85ede565a8359e2089b40afcf6fe072ec873231913913,0x098b716b8aaf21512996dc57eb0615e2383e2f96,0xdf225c84a0eaeaaac20e6c1d369e94ee13b9df2a,1749.21564,1649211588
0x8ff4d3657c5be9e74989da552b7687f46dd18ab056a76d71bceccd18df683b4d,0x03cf40b900971561ac6bd997ef1fe939dcbc95e2,0x098b716b8aaf21512996dc57eb0615e2383e2f96,0.0,1649164991
0x677e9564ca246ef75207e7a582ef86bf457fa8378621dea42546ff83843354f8,0x03cf40b900971561ac6bd997ef1fe939dcbc95e2,0x098b716b8aaf21512996dc57eb0615e2383e2f96,0.0,1649164977
0x4bf4d065e82fdf185fededdbea68daeeee2640350ae21aa279efb50d83f094c1,0x03cf40b900971561ac6bd997ef1fe939dcbc95e2,0x098b716b8aaf21512996dc57eb0615e2383e2f96,0.0,1649164965
0xb7c7f8bd7af0e9d06d0a23cd4d923608d3e9a78c1a205684c2f258160b18c97d,0x03cf40b900971561ac6bd997ef1fe939dcbc95e2,0x098b716b8aaf21512996dc57eb0615e2383e2f96,0.0,1649164943
0x5c6b9eb3d5801f37a5f835cbe20a39593180455443a1291f5ad71f3091607aff,0x03cf40b900971561ac6bd997ef1fe939dcbc95e2,0x098b716b8aaf21512996dc57eb0615e2383e2f96,0.0,1649164943
0xc9c99cc930259677b482a35895d501a6495c8bf3c5127100b69de490de2fd3c6,0x03cf40b900971561ac6bd997ef1fe939dcbc95e2,0x098b716b8aaf21512996dc57eb0615e2383e2f96,0.0,1649164929
0x22f0f2a389c814ba4895dfe46abe5930e79087624b0d036789ef879823d38670,0x03cf40b900971561ac6bd997ef1fe939dcbc95e2,0x098b716b8aaf21512996dc57eb0615e2383e2f96,0.0,1649164917
0xd85483a25ebefe081f1cc11f1c2904da2d1bd26afe6c25ecedf23f44def41ca9,0x03cf40b900971561ac6bd997ef1fe939dcbc95e2,0x098b716b8aaf21512996dc57eb0615e2383e2f96,0.0,1649164905
0x3072ae445650f47d81e8342ea6a8148302a1af39d623d6abcb657f2c2539d178,0x03cf40b900971561ac6bd997ef1fe939dcbc95e2,0x098b716b8aaf21512996dc57eb0615e2383e2f96,0.0,1649164890
0x0609436de3d50b58ba1b3a722ad941f2147d5990ce47d68836d85023b28778b2,0xdd28fd615c9cdb516c73a0110de2bc28f1f83cb7,0x098b716b8aaf21512996dc57eb0615e2383e2f96,1e-05,1649130268
0xe4f9c701fedbf178c3290a1cc85a0b8c5fc4b95795659973aee744d54b42bb3e,0x098b716b8aaf21512996dc57eb0615e2383e2f96,0xdf225c84a0eaeaaac20e6c1d369e94ee13b9df2a,1526.42983,1649126159
0x92d436b88f42cbf6cbc9630bdea35aadd9aee998ab85797fcff7ade1e53b045e,0xba7bf3ccf59d36fd6216be3a7bb53c70be9c5d42,0x098b716b8aaf21512996dc57eb0615e2383e2f96,0.0001,1649080069
0xe5a4df2283b7cc15ad18578ede3822a3e2c4e705ee00b0d4d1148deb6a8c750b,0x098b716b8aaf21512996dc57eb0615e2383e2f96,0xbc25d57412a04956cdd95af07825c5c1f34d29eb,1001.0,1649055826
0x7db270e75c7ce37dc23558720337c744bd2b50ac1e83e00cbcac584e4852e02b,0x49a545e6ddf6fdac01f1ae60d8476a7928850ce2,0x098b716b8aaf21512996dc57eb0615e2383e2f96,0.0,1649044725
0x8b48874ea8af6cd4e035a8e357a0ab111f5c752e8fcb7f02602380554059f243,0x098b716b8aaf21512996dc57eb0615e2383e2f96,0xbc25d57412a04956cdd95af07825c5c1f34d29eb,1000.0,1649040821
0x0edd955961fd65afd35fccd80d534667e598899ae2c7afd9916c90acad23daf6,0x03cf40b900971561ac6bd997ef1fe939dcbc95e2,0x098b716b8aaf21512996dc57eb0615e2383e2f96,0.0,1648979670
0xecdc1636fe9a41b7d4728d8654eae923e493199efebe68496fcdbb894913d4ea,0x03cf40b900971561ac6bd997ef1fe939dcbc95e2,0x098b716b8aaf21512996dc57eb0615e2383e2f96,0.0,1648979670
0x8ede0f10af3661df71f6e8ebb3477130fb6c90db81386199cf3ee407267fb78c,0x03cf40b900971561ac6bd997ef1fe939dcbc95e2,0x098b716b8aaf21512996dc57eb0615e2383e2f96,0.0,1648979670
0x141d5d173dee642a80b8cf62e151421d726b4f09094093baf833255859ba2323,0x03cf40b900971561ac6bd997ef1fe939dcbc95e2,0x098b716b8aaf21512996dc57eb0615e2383e2f96,0.0,1648979670
0x3b0b8957d20e2d8e298d178453b2f90466d6e09ef1513ec574f0e70c5ee57c4e,0x03cf40b900971561ac6bd997ef1fe939dcbc95e2,0x098b716b8aaf21512996dc57eb0615e2383e2f96,0.0,1648979670
0xf10618645540608ac167552f080c67bf8b9bd18f693bf5ab430d7a794572b138,0x03cf40b900971561ac6bd997ef1fe939dcbc95e2,0x098b716b8aaf21512996dc57eb0615e2383e2f96,0.0,1648979670
0x23756eb9676ea454f0f86ea421c8de3f77ef4d1f755e5a524799b239674d49fb,0x03cf40b900971561ac6bd997ef1fe939dcbc95e2,0x098b716b8aaf21512996dc57eb0615e2383e2f96,0.0,1648979603
0x4494991e86bfca38e045410361d06a6ee02542f7703734f42afccda12153699c,0x03cf40b900971561ac6bd997ef1fe939dcbc95e2,0x098b716b8aaf21512996dc57eb0615e2383e2f96,0.0,1648979603
0x9fe5438cf7b66247737b33df2a399ffd3bca779f46d6e48c84490f04bf337d9c,0x03cf40b900971561ac6bd997ef1fe939dcbc95e2,0x098b716b8aaf21512996dc57eb0615e2383e2f96,0.0,1648979603
0xb739a89d683df9d8057d0796012e8645e3771a5e581b100d38156d66d5381110,0x03cf40b900971561ac6bd997ef1fe939dcbc95e2,0x098b716b8aaf21512996dc57eb0615e2383e2f96,0.0,1648979603
0x558535dd83c5cf6006f0ac461e67863e3bf5e6f84992cfe9d2baad17a892ace6,0x03cf40b900971561ac6bd997ef1fe939dcbc95e2,0x098b716b8aaf21512996dc57eb0615e2383e2f96,0.0,1648979603
0xbdd5c6ed280a5764eaf204c334b4049809e1a5e37a5e30e658b26205897fadbe,0x03cf40b900971561ac6bd997ef1fe939dcbc95e2,0x098b716b8aaf21512996dc57eb0615e2383e2f96,0.0,1648979263
0x349330770026d9cdd51836bdb64f89b5741f5eb7d6fd28018f4ee6aa655150f0,0x03cf40b900971561ac6bd997ef1fe939dcbc95e2,0x098b716b8aaf21512996dc57eb0615e2383e2f96,0.0,1648979254
0xb94ab8ca10de642fab7dd9fc5f35d86cb3cdfd0584a9bf7e2cc06b926956d51d,0x03cf40b900971561ac6bd997ef1fe939dcbc95e2,0x098b716b8aaf21512996dc57eb0615e2383e2f96,0.0,1648979239
0x3f948ef219c0d8ecdfeb4f226b6298e07b13d25582ab625904515ed788f3c934,0x03cf40b900971561ac6bd997ef1fe939dcbc95e2,0x098b716b8aaf21512996dc57eb0615e2383e2f96,0.0,1648979223
0xe43f76d7558e816e0db73acbf41305d38584ec8e6fa01b3e7060079fa7ee8ce7,0x03cf40b900971561ac6bd997ef1fe939dcbc95e2,0x098b716b8aaf21512996dc57eb0615e2383e2f96,0.0,1648979189
0x04ffce4fea3cde598d57b00318e8d7c6535e91d5d87dcaf4f56e6e3c928eb00f,0x03cf40b900971561ac6bd997ef1fe939dcbc95e2,0x098b716b8aaf21512996dc57eb0615e2383e2f96,0.0,1648979189
0xac5689b4c4b7ce2faf69d24aad83305611f3eb6bf09e8e4b42ca6d24e5591dbf,0x03cf40b900971561ac6bd997ef1fe939dcbc95e2,0x098b716b8aaf21512996dc57eb0615e2383e2f96,0.0,1648979170
0x3313ee0f8f1ec515eb4923f877a1881b5d7715b874b9aa86a551efcfe76becf5,0x03cf40b900971561ac6bd997ef1fe939dcbc95e2,0x098b716b8aaf21512996dc57eb0615e2383e2f96,0.0,1648979170
0x4498180f6019f5379eb30f332174b5321a84c2269893be6ec6a81367c35d38a2,0x03cf40b900971561ac6bd997ef1fe939dcbc95e2,0x098b716b8aaf21512996dc57eb0615e2383e2f96,0.0,1648979144
0xaf94e2a8a05af956fca4f003a5edcc9d34742e3b421fe50084491743d7e96ca1,0x03cf40b900971561ac6bd997ef1fe939dcbc95e2,0x098b716b8aaf21512996dc57eb0615e2383e2f96,0.0,1648979144
0xeeb823f9312d5433d4a863f530c904ab17fcd94c3bc834ffd40e8f08dd28d6d0,0x03cf40b900971561ac6bd997ef1fe939dcbc95e2,0x098b716b8aaf21512996dc57eb0615e2383e2f96,0.0,1648979114
0xca5c4b2108834e4f8f4691cfe85233d2b193c07cb4e7cbc88ae48105d474d4b2,0x03cf40b900971561ac6bd997ef1fe939dcbc95e2,0x098b716b8aaf21512996dc57eb0615e2383e2f96,0.0,1648979114
0x406a532f14f9a07587d5c984c4424a6c20bb8dcee4e0e0bf8ac1bef2fb9a4178,0x03cf40b900971561ac6bd997ef1fe939dcbc95e2,0x098b716b8aaf21512996dc57eb0615e2383e2f96,0.0,1648979086
0xa10323f11a55372ef5078223ad0b9eeb5e19303d816c08625fd943592c0d98ef,0x03cf40b900971561ac6bd997ef1fe939dcbc95e2,0x098b716b8aaf21512996dc57eb0615e2383e2f96,0.0,1648979086
0xb79c85a8a5cbce7d523999fff53ceebf4acae7202abd5277b12a4a166518d883,0x03cf40b900971561ac6bd997ef1fe939dcbc95e2,0x098b716b8aaf21512996dc57eb0615e2383e2f96,0.0,1648979056
0x43e51cc192a8472009542ab8b45657d82e88dbe59159c4504e76c78d09035eeb,0x03cf40b900971561ac6bd997ef1fe939dcbc95e2,0x098b716b8aaf21512996dc57eb0615e2383e2f96,0.0,1648979056
0xac343d30ccbf2595a96e1fb7c1af725d688630c9d6a1687d662052148076e1ba,0xafabcdc2be58de2203b42d06ab7a956d47fecfb2,0x098b716b8aaf21512996dc57eb0615e2383e2f96,0.000995,1648918599
0x6e6addca09408f97e85d81dbd13e6741837e9a2a115d21c63dd94ff560171dd6,0xc9b1af85e32f378121e8cbd2c6511c291cbc4462,0x098b716b8aaf21512996dc57eb0615e2383e2f96,0.0,1648917096
0x9837badc78c3ae1bca3763358be619ad907ea7ed786fc7e798b495d28bb40e1d,0x31faa96ea12584fe3d9bf27a14cdfa7922bb5af9,0x098b716b8aaf21512996dc57eb0615e2383e2f96,0.0001,1648804374
0x7f86df5df3d64f384f13399a72b1b4aca511c79164d29672f10fa40eef1d2eb8,0x6ae41009c2bfec2601c37a887672959bb77e4aa6,0x098b716b8aaf21512996dc57eb0615e2383e2f96,0.0001,1648749150
0xf4ce869239fa31f0b0a70339727b536286b40e04186098ed75e9a2539cd31b50,0x6ae41009c2bfec2601c37a887672959bb77e4aa6,0x098b716b8aaf21512996dc57eb0615e2383e2f96,0.0001,1648748790
0x68595d1032fe61ce947cfea1d8bba1da4a035c66cb851d3dae70177c4d12be5d,0x6ae41009c2bfec2601c37a887672959bb77e4aa6,0x098b716b8aaf21512996dc57eb0615e2383e2f96,1e-05,1648748629
0x4b937f26c518092a75faa9f3583797c8275c805f76690108b2f44a53d17f6bb9,0x6ae41009c2bfec2601c37a887672959bb77e4aa6,0x098b716b8aaf21512996dc57eb0615e2383e2f96,1e-05,1648748295
0x98749b4652b00821bd02c90a9cbdac7381baa63052042d9f51970f95c596fd7f,0xc9b1af85e32f378121e8cbd2c6511c291cbc4462,0x098b716b8aaf21512996dc57eb0615e2383e2f96,0.0,1648747738
0xb1e8cf69edd393b3d0368ff55fbfb4e26625a2da3b0ff4f62889ec639a606a4e,0x71ed9da692ab82fd9d6f3912d68aa48df6419ec7,0x098b716b8aaf21512996dc57eb0615e2383e2f96,0.0001,1648737032
0x8fabd3c676eb7469ad756008b9dbdfee3f85b747066fa04e5043c5d7fc5aeb7a,0x88ecfb52b287cd7b1b64cfe5ba9a52f88a8a0f9c,0x098b716b8aaf21512996dc57eb0615e2383e2f96,8.5e-05,1648725510
0xffdf1773594c8c317120bcb2af9e0cf2555a6b19ea22189dec09089c06943266,0x57c1e26aaf9aea28773714179ec3d2abb1a6961a,0x098b716b8aaf21512996dc57eb0615e2383e2f96,5.0160203763877e-05,1648724962
0x595a30e200f34ba3752414f1c26b690c230867639877d57942d3bdebd5c79483,0xe6ec0de23b6db6604113cb79db609d5da461c961,0x098b716b8aaf21512996dc57eb0615e2383e2f96,0.0001,1648724689
0xd337c417558797570b8ea79d9354347833f04185ee8aaa8afb4a4e30f476378c,0xe6ec0de23b6db6604113cb79db609d5da461c961,0x098b716b8aaf21512996dc57eb0615e2383e2f96,0.0001,1648724641
0xe0c796b3438b160e320c26db30d53f2afb06173621415951bf9185df89c1aebb,0x5b1688c070886c79b023a358a52d49c433dc3ca3,0x098b716b8aaf21512996dc57eb0615e2383e2f96,1e-05,1648724033
0xd751a07654fe95ac417dde6d66d327397ae16a97f09d7fcd79478179d707d3c1,0x1cd67758686cd04251c918a0639aa5d4c09f8ad0,0x098b716b8aaf21512996dc57eb0615e2383e2f96,8e-05,1648723360
0xaf6a1b57efbde02efa5d7b0be5483cf89a54ae673bb2c320140bc2ab4c8545f8,0x72f87658565ee19a24de75c0bfca747bb5e0a41c,0x098b716b8aaf21512996dc57eb0615e2383e2f96,8e-05,1648723223
0xdd0043549f0b7f0ca872acefa635ffbf3a85e9f502fbab74fc2edd9ed6edaff5,0xd12fbbc8f17d2d461ba8d471a0d4c4d8fffb7922,0x098b716b8aaf21512996dc57eb0615e2383e2f96,0.0006,1648722877
0x8d13f1dc3e698bd997535056fae6b71e219f4f75ec15e7c3ad7c1c65ca16f46e,0x92647767780057bd115a97692d7e798d39b8d29e,0x098b716b8aaf21512996dc57eb0615e2383e2f96,8e-05,1648722713
0xd5253d681d6afa1512517c9b019e66d99d93bed16a8e362dcfe85cf1db4f1bf6,0x2341487393fab173de7022fe17fe2eacadabb7ea,0x098b716b8aaf21512996dc57eb0615e2383e2f96,0.001,1648722131
0xd6ee50e96d2e3a22bd97b264aef94a2037e3c8bb540324c98cf12f300a34cedd,0x92647767780057bd115a97692d7e798d39b8d29e,0x098b716b8aaf21512996dc57eb0615e2383e2f96,8e-05,1648721906
0x93af1206793eadd0ae83c5eb2f71e1be2619636e899f401f388fefb2088b0429,0xa9b769112aa35291121f3fdcede4b5e25f8ad978,0x098b716b8aaf21512996dc57eb0615e2383e2f96,0.0001,1648721431
0xa035e96994e52d2ac14274e47dac343832e2e78b8a8d29fcdf6849bae03240aa,0x48c7676d5d635a17058d9a843e1e20e26c463a59,0x098b716b8aaf21512996dc57eb0615e2383e2f96,0.0001,1648721326
0x001aa708d048982d17d92cbf2cdccec809bf2828227bdee53cc8c428f1287801,0x9c69af9fdf53bb1809c5939b05cba4f197b65c6a,0x098b716b8aaf21512996dc57eb0615e2383e2f96,0.001,1648721310
0xceed4cd4d242eab487e6b33b27208b4703279f89dccd08bbe592484b611031bf,0x5b2eda7af1ab23d0ea668c781bcfd73e1ad3697a,0x098b716b8aaf21512996dc57eb0615e2383e2f96,0.005,1648721310
0xefca01c7884cacfd33715bda6fe45cc0b0c1143e002a8242db3bc013b3a3420e,0x1e267fa128ac40e99894dbbc0cac669223f75f49,0x098b716b8aaf21512996dc57eb0615e2383e2f96,6.3e-05,1648721294
0xac96d3149d5285ecc21147468befb0e1b155472c1c7fcfacb63775ba2d39614b,0x782efeedc604c6f17651c8f13d9f85beb68781c0,0x098b716b8aaf21512996dc57eb0615e2383e2f96,1.0093856442188e-05,1648721081
0x92ec275f45a687589e85651053f65f2a9d9631141683916a3601555e2296930f,0x7d6e2101951fa6bbd80cdab216138536ccef4597,0x098b716b8aaf21512996dc57eb0615e2383e2f96,0.0002,1648721080
0x0a30f1843559b544a025a33e01b52cb4d9027f2fda0d1e7186ea07147ae3afe0,0xc2b9967463f0b425e4cb8780d9bad0e6fe2ee02a,0x098b716b8aaf21512996dc57eb0615e2383e2f96,0.00012,1648721056
0x7e42dfdc84148711a149962ef63055944b1196e92ebfc973ec914069b7fe63c6,0x65cd68d1f8438f815911e476320d87cbafce0b50,0x098b716b8aaf21512996dc57eb0615e2383e2f96,0.0002,1648720993
0x8c23767847f271559b577f37d0acc3653b602791145ece40b576f4f47d65e60e,0x610d14a264e2d77a6dec999332addf5d98f6d109,0x098b716b8aaf21512996dc57eb0615e2383e2f96,0.0001,1648720993
0x793f06d662fc2f3fbddc86d55d9de501fec6750842c45a555d7be9ea6e2f779f,0xec45216ac728374596e484973a7391615fa0eb32,0x098b716b8aaf21512996dc57eb0615e2383e2f96,0.0001,1648720799
0x84a68abf784e554471241a1757fa070a971ad7fc18641cb011e8082b4f04c012,0x03dfb2340c59972065112ba39e296083257c5f6d,0x098b716b8aaf21512996dc57eb0615e2383e2f96,0.0001,1648720642
0x71d6b9491af5bc2619e866b9f645116ca810b688400bfdcb1a5294c3138f2f08,0x55c2598a2616e6215b757ec9bc0a9c0981c37d83,0x098b716b8aaf21512996dc57eb0615e2383e2f96,0.0001,1648720398
0x0ccb27ff5c748c4d90f5f3e730992de864510ba1712a6ba2018ba0c8a70bb3f7,0x8a52cff6f5353f730b5926ec83d1cb12335c6f86,0x098b716b8aaf21512996dc57eb0615e2383e2f96,0.001,1648720389
0x93ac96cafd0996c294df0c26e013e7c066ee8bd4ce26b5d22debf263e4eea417,0x6ac20e85fc2899f7e031e0e2e149e980d563fde5,0x098b716b8aaf21512996dc57eb0615e2383e2f96,0.001,1648720361
0x63b4ccd4cd1e5b392d8085a5176e9073b0c75e80cca60763f9f0f445ecfd49ef,0x3906763e4bfe94b31e27aedf3574e60918a0d031,0x098b716b8aaf21512996dc57eb0615e2383e2f96,0.001,1648720359
0xd609ae4a7a9d46f16019f0859bdaf0834f579f7aa41d00e9cdb3766988dcc6d5,0x57c1e26aaf9aea28773714179ec3d2abb1a6961a,0x098b716b8aaf21512996dc57eb0615e2383e2f96,0.000104656588525687,1648720269
0x1b3983e1b8b525d86f517289cf4cf6d6d20fe1bd06e38d8bc40a066c4f868b90,0x1e267fa128ac40e99894dbbc0cac669223f75f49,0x098b716b8aaf21512996dc57eb0615e2383e2f96,0.000102437618269097,1648720147
0x6e0410afee47535dd00e63b467b26014b16adac6b41da33eea41ca3c421fc529,0xcaebe9580f6a11f164231e6a3c21fd9f7725676c,0x098b716b8aaf21512996dc57eb0615e2383e2f96,0.0001,1648719811
0x345548b0d56b4027555a9e789b81ddba9b669629a4e650929322bba62d4fc51c,0x147695a7b5659b0e276e75174a74ae582cc5d59b,0x098b716b8aaf21512996dc57eb0615e2383e2f96,0.0001,1648719806
0x4ad33da5d5c98edf32b9321839af4c67eeb9d349fb25045bd9dfcd96df80728b,0xf0eaebb267d25c22df8101091bafadf076761b69,0x098b716b8aaf21512996dc57eb0615e2383e2f96,0.001,1648719393
0x6d4fcdebdbd7c4a93cfd6a37b0a705027e2256705517d4eaba25ae0c9041424f,0x97cadef59aebd9d50d6a4f0c741d4ac3cfcb9fac,0x098b716b8aaf21512996dc57eb0615e2383e2f96,0.00099,1648719190
0x7544db4951f605b66b0b755b63bd086fc08390c455e73b1ae6a77c5c448c1a6b,0xb50933b916ff5321aa40d79ef741d399b6d257dc,0x098b716b8aaf21512996dc57eb0615e2383e2f96,0.0001,1648718804
0xd2afa740aa3aee487fa07f81a60aa63bdb1dff7a0be7bc65ffbb9687c3363924,0x021e5102764766531d3764166c14ba81d2dd3798,0x098b716b8aaf21512996dc57eb0615e2383e2f96,0.0001,1648718563
0x2c24aabae0b59d19f0d87c4335ae712d42e44b8558fe9523eb081ce82549078f,0xb50933b916ff5321aa40d79ef741d399b6d257dc,0x098b716b8aaf21512996dc57eb0615e2383e2f96,1e-07,1648718065
0xa7abd0c22d3d2e8c750b13e3396be483dd96ccbdf43e17c325197f2b83868390,0x5a0a3e92fbc8e4f634c507d440cba1fc09d75d14,0x098b716b8aaf21512996dc57eb0615e2383e2f96,1e-06,1648717935
0xe4a57001c82ab982547f9cd1af6158ffd5f249dde3122c553d125f138c225d7a,0xa25383af3386eee4e3b90e4571d88b70f7a6f105,0x098b716b8aaf21512996dc57eb0615e2383e2f96,0.00018,1648717824
0x466f54eed150039833caf0f40e863c4e52b37e3bd69619e0b3f2ed06cc6baa06,0xe6ec0de23b6db6604113cb79db609d5da461c961,0x098b716b8aaf21512996dc57eb0615e2383e2f96,0.004,1648716666
0x29b2538f28ac771b7a6cf858567dd1af0ed3b8e797997753de24a0516554f1c9,0xe6ec0de23b6db6604113cb79db609d5da461c961,0x098b716b8aaf21512996dc57eb0615e2383e2f96,0.001,1648716061
0x8bb716e9a76481fdbb91b094b83ab37b311018bdef6f811d0cc3dfd1ae36fa7d,0xe6ec0de23b6db6604113cb79db609d5da461c961,0x098b716b8aaf21512996dc57eb0615e2383e2f96,0.001,1648715499
0xf38c2fcf1f632baa40b702bf8e50ce0d38a23e8798597c61947a59ce2467a1a1,0x3d2913dc0ff6707a4cf5172c0d2f5c95470bfb91,0x098b716b8aaf21512996dc57eb0615e2383e2f96,0.000128249582324815,1648702222
0x1022b51f150b3286881859bef054490491a5339819aac9a76f99392477dbaa97,0x449a426acd1a176d93f2564742c898482cb8f9f7,0x098b716b8aaf21512996dc57eb0615e2383e2f96,0.012543275183471514,1648689021
0xfa4cb4408f8e5fefcb8440e1687ba44ed1475f2bd976a7ea1fe283a0c314ab38,0x61693261218e43ba985d21ba9e2bbf71cf90a0d7,0x098b716b8aaf21512996dc57eb0615e2383e2f96,0.0,1648664588
0x93f766d583aa6a7eb95c1bdf6d92792a3d03452214f87e86cd9108aecd460e66,0x61693261218e43ba985d21ba9e2bbf71cf90a0d7,0x098b716b8aaf21512996dc57eb0615e2383e2f96,0.0,1648664531
0xe8b955f8c2846e24c0faed1d5a6a2cb3d2afaf17844ea9349c8417c57e0682f1,0x61693261218e43ba985d21ba9e2bbf71cf90a0d7,0x098b716b8aaf21512996dc57eb0615e2383e2f96,0.0,1648664505
0x7ad8d2b22a25c6917d51b506d19b57fcd812e978aaa69dc84cda6125194b3a20,0x61693261218e43ba985d21ba9e2bbf71cf90a0d7,0x098b716b8aaf21512996dc57eb0615e2383e2f96,0.0,1648664505
0x38ae92953d3b9cf918249550b2058361c9942ce6aaf1cd639956151e84af49e7,0x1c75867c32b52ab33c1624a1e551a49d145f0127,0x098b716b8aaf21512996dc57eb0615e2383e2f96,0.0001,1648656835
0x8691b8ed8c7356e2632615d6e818a921c4e6b80b5dd626745e3b7072368a28bf,0xe421e8c521f7ba853a9f5469ae7fca27d2717a1e,0x098b716b8aaf21512996dc57eb0615e2383e2f96,0.0052,1648655452
0xd4827161896dfcf9990badc67aa2cdeb9ed27c133ba857d44228c9b9c16e3438,0x66973b6aafde73df3159ea0749b6a3f79c06e27e,0x098b716b8aaf21512996dc57eb0615e2383e2f96,1e-05,1648651493
0x609fa4e5b2a4566c4f640a15ae81686e46170db801f6dad776b528b9f95c79e0,0xe4d87c5f6ff73dea29e2d2ea1e2a736ff6538729,0x098b716b8aaf21512996dc57eb0615e2383e2f96,0.0001,1648651372
0x3a80fea8e7a965306ddc6d633ce6ef13f7397ebbb654516e738d7504018a924e,0x39569fa30d7fe94028a9e835a3167c9e80d460e0,0x098b716b8aaf21512996dc57eb0615e2383e2f96,0.0001,1648650997
0x07646bffdea2851ba8ffa2d3768891f5dd42608c593f33204c9793db08a8af69,0x2869eb22608164a3b5b145ca9d356202dc4d80e8,0x098b716b8aaf21512996dc57eb0615e2383e2f96,0.0,1648649113
0x2c00d8f846f292796f49dde4fa99f9d434bc8b98d62e27c32e066254e8e76929,0xa3899b5f146f9ccbffd3a62a3b771ddf6b508a4e,0x098b716b8aaf21512996dc57eb0615e2383e2f96,0.007443924350508,1648639243
0x7f61e2171db2f25160a8622ec863d4dd7d3798db7f3c9f2dbe2afefb93da8979,0x33b146a2cf561205ce523472a39e3b78420a37d0,0x098b716b8aaf21512996dc57eb0615e2383e2f96,0.005,1648633928
0x7ab70ac48109effac95d2748db0fe3e3754963efe6ebf90e27247eccf03782c3,0xc3b5595d11db926260a5780c55a836f31d4df9cd,0x098b716b8aaf21512996dc57eb0615e2383e2f96,0.0,1648633676
0xe87edaf79ec5fa9afc9bd996cc58f435c028f9bf00f6125a0359a7a3cc25cda9,0x404894eaf154f56323ff0338f2ae9f5b6ec66dd4,0x098b716b8aaf21512996dc57eb0615e2383e2f96,0.000470710499537,1648632753
0x41f0d056561e5a866a80352422d0ef4ddb4176f32b77c78f967ca4d6b546aeb8,0xdcf7dc3faf9dac86afffc197ca0e9f4b0e46ef76,0x098b716b8aaf21512996dc57eb0615e2383e2f96,1e-05,1648626127
0x25154370e23fa59c9d7f08ca701b73ba11a29180e21ff4e4ad9ff07d4169253c,0x1f8d5adb0308aa6d8f1002db5e78dba99bf8d493,0x098b716b8aaf21512996dc57eb0615e2383e2f96,0.0001,1648622338
0xbadfbc5ad11474e417497d1537c6193b947c66307fa6c5a75d8f3c3abc93a730,0x5206fbc731a7423deee17f60b645b2689dba47ee,0x098b716b8aaf21512996dc57eb0615e2383e2f96,0.0001,1648621383
0x8b2bb6ec1888ae0d47998f0d1a38e5fff77de607bcc27ace07d843cd90b0faa0,0x11d396ea07fd9ebbd536a4b2df35f815c33ac41b,0x098b716b8aaf21512996dc57eb0615e2383e2f96,0.0001,1648621241
0x340128171448d7f14f4d2ed1656bf2253c573277826ae3391f6e6e9e893d7100,0xab9c38ec226d73e2f1d5c128858114aaf05e2edf,0x098b716b8aaf21512996dc57eb0615e2383e2f96,0.01,1648618669
0xc36a2af8b57dbc82b335b634e51327db52336b2d0bdfa8b1358d938ca4fbe6fc,0x84dba59c321d0e9888a958280669c873a6b4a881,0x098b716b8aaf21512996dc57eb0615e2383e2f96,1e-05,1648617559
0x617194dcc7c97e82729a6a8e26519114896b35596c19a4a4289dd8e6c42945cf,0xbd2e0db33a588178ef11869c002bd5c939224634,0x098b716b8aaf21512996dc57eb0615e2383e2f96,0.0001,1648614594
0xeab0fb2cf9e1ff2dc7d81f973a3a2ecdf92a64f5920fc953dfbfcc819057cbc1,0x732d98d7a175fbe528451732ae057417eeb2f74f,0x098b716b8aaf21512996dc57eb0615e2383e2f96,0.001,1648613267
0x3daaf917fb8e12e9b02fcf5ecc2efbe46d45371762b32f8e8ef26f34e3c26239,0xb1b31feef753706f4ed6ae51939d7bc67151bf3b,0x098b716b8aaf21512996dc57eb0615e2383e2f96,0.001,1648611935
0x615411c9321a89c7a6bb44de988a0c08eebb4893ef4645cf6c48c6324b960e12,0xb1b31feef753706f4ed6ae51939d7bc67151bf3b,0x098b716b8aaf21512996dc57eb0615e2383e2f96,0.0001,1648611505
0x4e0b1989d8c8029441ffb028ed6cf78f8c9fa88b9f5ce4e44ba8b3914e4ede6d,0xb1b31feef753706f4ed6ae51939d7bc67151bf3b,0x098b716b8aaf21512996dc57eb0615e2383e2f96,0.0001,1648610925
0x7b5de0f7e0ac739ddbed05f5733230b932fce1105b31535df92437595a9bf8f8,0xdd28fd615c9cdb516c73a0110de2bc28f1f83cb7,0x098b716b8aaf21512996dc57eb0615e2383e2f96,0.0001,1648610745
0x58da15d13ad3dbed4a37d42f9091652022e0c1ba7199ef1b3274f86a7c4d12f4,0xdd28fd615c9cdb516c73a0110de2bc28f1f83cb7,0x098b716b8aaf21512996dc57eb0615e2383e2f96,0.0001,1648610638
0x3222d659746298f98b8536bb967c264335c7c6bb69a98c25b2757112b308a0f4,0x3aa48a6dbcae9798a423bbebfc05d8ca8a555232,0x098b716b8aaf21512996dc57eb0615e2383e2f96,1e-06,1648610604
0xe4998e786b831c2ebde1a4a78ae4e4a577178087667d2389c5efd01b603c1bb1,0x425716f08634505afad6eb4eadcfc44d8e027f68,0x098b716b8aaf21512996dc57eb0615e2383e2f96,0.0001,1648609170
0x759b82ca416e05ce4cb6035e3461d6a290aa6d34225afc205d2566234755dd68,0x1218137a37d33c3d3ec03c57e0d24a9cfdb2bf6c,0x098b716b8aaf21512996dc57eb0615e2383e2f96,0.0001,1648607961
0xb5b21e4a88a2790178ead2170b798b1ffce94271a3c36b394ed8cdb931d79f07,0x00c839ecbded01790d35885a639589e1f75f6318,0x098b716b8aaf21512996dc57eb0615e2383e2f96,0.0001,1648607752
0x6afe38a973a2a956de77fa64b4129c65f068c14375bd3f0b290cfd106e20daa2,0x35ef84302cb08df8afa4249ee5ee29925004b92e,0x098b716b8aaf21512996dc57eb0615e2383e2f96,0.0002048,1648606355
0xec57bb5b41997d1769f1b3e8e7064cec0df2fe1bcc36489e0868ed5890c8eaf5,0x7c0220651dd3fd1f79972e7864ccd32bdcf84eb1,0x098b716b8aaf21512996dc57eb0615e2383e2f96,2.984e-05,1648606135
0x7442a2ad2c50852f4d59c69bf803466c382fd921dd32ed5aa6dc208f3d244bcb,0x9be278425e5d5b7b73682e3361b436ef24857701,0x098b716b8aaf21512996dc57eb0615e2383e2f96,1e-05,1648606089
0xef08549748caf4a05c14040d4931d507bb9438a180e24acf6a0a5b2400363d8a,0x0ea1b68905ea0f0e2aa1a268af29a05d90330f9c,0x098b716b8aaf21512996dc57eb0615e2383e2f96,1e-07,1648605975
0x9db4b87baed3d73f3434a996994a0dfbf1fe854f0e1c90f0195e53a6231eaba8,0xae2af4ab10229bfb4a9966d167f82b2ceb3a1565,0x098b716b8aaf21512996dc57eb0615e2383e2f96,0.0,1648599991
0x8812d6f90561a9eab63c277c92161e5955765dbdac9267ae5243eecca65179e0,0xd347381f2dc2f4cf3e290fcff6e4217589dffe78,0x098b716b8aaf21512996dc57eb0615e2383e2f96,0.006,1648599958
0xeca85cd6f446879220e43e2122f587c71efde2b2ec651609350139ee6e9433d7,0x3318f0e2bb4443ac93eee739386988af934333c6,0x098b716b8aaf21512996dc57eb0615e2383e2f96,0.0,1648599220
0x91d06b2a4f90d1d68ad00f0cccdac4eb9023746032a4d3ed2b5427d2a11f8b6d,0x7c0220651dd3fd1f79972e7864ccd32bdcf84eb1,0x098b716b8aaf21512996dc57eb0615e2383e2f96,0.00020458,1648598190
0x9e2d69ca1514aaed6819e5657882fe42064e0ef6228b7f9818f88715361c0587,0x49a545e6ddf6fdac01f1ae60d8476a7928850ce2,0x098b716b8aaf21512996dc57eb0615e2383e2f96,0.0,1648598023
0x49413c40ff46cb0e296f69b054d2a9c2e7c2a0e2cdb93dc078c6d7d3449af35e,0x2b2837763ca6b3a7309bb11840788466ecaedb33,0x098b716b8aaf21512996dc57eb0615e2383e2f96,0.001337001337001337,1648596795
0x247e617494a8ec17a7f3edce7b5c47e0bf5df5197c41399a49a02818630170b6,0x1a880b7044331a31b9db025de68dd19f87e41d63,0x098b716b8aaf21512996dc57eb0615e2383e2f96,0.0,1648593196
0x3c8dbad8bbb00a40d75569780bcb480f4876d7ef39549391a4e1df11cd2c99c7,0x5c7f95ffe8ba132dd264ff8997ca379c868833fd,0x098b716b8aaf21512996dc57eb0615e2383e2f96,0.001606622077569,1648590572
0x6b298f77d289a9402aa1717d28e7d6824768845fabfc90f3448badc80825a2d9,0x5a5444f6b5d511f61ff7c3152054d4030f3891ca,0x098b716b8aaf21512996dc57eb0615e2383e2f96,0.0003,1648590352
0xf4e8fcdf1518db8c2abf94a123819bcfc8869a40d7cd84c964c16a6d3c7f4fde,0x5a5444f6b5d511f61ff7c3152054d4030f3891ca,0x098b716b8aaf21512996dc57eb0615e2383e2f96,0.0003,1648590306
0x13e424f200629dc18111777f1c84856b788aec966f0c508e5670b58c191f3b3a,0x5a5444f6b5d511f61ff7c3152054d4030f3891ca,0x098b716b8aaf21512996dc57eb0615e2383e2f96,0.0003,1648590270
0xfd95b95ee5056f204f93b7bf8002878a5c24ea6d9e3a7bce628b5c3a60e480b6,0x03cf40b900971561ac6bd997ef1fe939dcbc95e2,0x098b716b8aaf21512996dc57eb0615e2383e2f96,0.0,1648590103
0x2484d02de8878433938bd72e82d9b6d41ca728b459c2323cd5b188947748a1cf,0x03cf40b900971561ac6bd997ef1fe939dcbc95e2,0x098b716b8aaf21512996dc57eb0615e2383e2f96,0.0,1648590103
0x08e2550cfaf8d70b759a3058389b422df01d5d2f5eb6acdced07932146b83ce7,0x03cf40b900971561ac6bd997ef1fe939dcbc95e2,0x098b716b8aaf21512996dc57eb0615e2383e2f96,0.0,1648590078
0xb946ced4db5a8bc1d475ab7f66df773cd02970fbc42468e1b9e40aa452faa543,0x03cf40b900971561ac6bd997ef1fe939dcbc95e2,0x098b716b8aaf21512996dc57eb0615e2383e2f96,0.0,1648590078
0x8039f1261a145405fce67ca6f82212170c4898751290566bafad7d4e00295c69,0x03cf40b900971561ac6bd997ef1fe939dcbc95e2,0x098b716b8aaf21512996dc57eb0615e2383e2f96,0.0,1648590045
0x917e42d7115d0fb698d741ac1ca2ef1744b9875b395569ce3a5acd94fdd14126,0x03cf40b900971561ac6bd997ef1fe939dcbc95e2,0x098b716b8aaf21512996dc57eb0615e2383e2f96,0.0,1648590032
0x2127281bb1e44d245396f64634362531b14ad2472476410441fc1dffc5bebe20,0x03cf40b900971561ac6bd997ef1fe939dcbc95e2,0x098b716b8aaf21512996dc57eb0615e2383e2f96,0.0,1648590015
0x38ecd37709c76f5cfe589acbc24003038c5a1ff97d63e64ebb2079e96057505a,0x03cf40b900971561ac6bd997ef1fe939dcbc95e2,0x098b716b8aaf21512996dc57eb0615e2383e2f96,0.0,1648589990
0x6da5e8a862146a5c604d8c4422b4e9b70de290aca0ceb0d5346fda32ee650d2a,0x03cf40b900971561ac6bd997ef1fe939dcbc95e2,0x098b716b8aaf21512996dc57eb0615e2383e2f96,0.0,1648589990
0x5dd226c0c575d401af8bb56ff3df538a5fa728a6ff09b935fd68c9cd77898c52,0x03cf40b900971561ac6bd997ef1fe939dcbc95e2,0x098b716b8aaf21512996dc57eb0615e2383e2f96,0.0,1648589978
0x0917225ef22ca5d7061a3883b2426277a62d2316f8ec45883157b47546ef3c02,0x03cf40b900971561ac6bd997ef1fe939dcbc95e2,0x098b716b8aaf21512996dc57eb0615e2383e2f96,0.0,1648589955
0xfa61909a23c8d8651f342f74e260cca86f4fc396c7ca6f2a0826e39aa4dcba0e,0x11eeef750e73d0d6a1df9cce94056c33780825c9,0x098b716b8aaf21512996dc57eb0615e2383e2f96,0.001473361621876473,1648588559
0x07342f1092c3a1d47fe69853af15e3effa9798a4e068098536306d01b6bc4622,0x6f296fa6034b19f7eeaf2af534c17d7acac9a324,0x098b716b8aaf21512996dc57eb0615e2383e2f96,0.002120804918497651,1648587324
0x6be648723d1566bbe70c0013c45021abca27db24b365db6bd6f5db18ea95ac4a,0x5a5444f6b5d511f61ff7c3152054d4030f3891ca,0x098b716b8aaf21512996dc57eb0615e2383e2f96,0.0003,1648586197
0x73bc67cbe73008b4ade98f136d5414028216b067cf32e79426879920a870bb27,0x5a5444f6b5d511f61ff7c3152054d4030f3891ca,0x098b716b8aaf21512996dc57eb0615e2383e2f96,0.0003,1648585263
0xe1d3453355cce279aaee176f24c4fb2bd834fad331b8c54822a00454f72a6270,0xbce9f4adfbf6e6ac9b7ddcd759c114433bf2aaf3,0x098b716b8aaf21512996dc57eb0615e2383e2f96,0.000726085618297564,1648585236
0x09f7dc0cb7f7afa14c4616218a13cf82b748030fb9e1377b802f6e5159748c48,0x19bde2d28f54a7d65dd7ca9515a42880577411c1,0x098b716b8aaf21512996dc57eb0615e2383e2f96,0.00069,1648584946
0x4333bbbc0a7037caa98d25102c3899cf21c7b7a73a5d3643d56837311d8dc8c7,0x19bde2d28f54a7d65dd7ca9515a42880577411c1,0x098b716b8aaf21512996dc57eb0615e2383e2f96,0.00069,1648584632
0x2fb3bd9f71c71c04831903a071ec45856e43cd22ed5202ac2fe0b61653d364b5,0x6179921bca35995402672ffb21e9898ff3ee74ae,0x098b716b8aaf21512996dc57eb0615e2383e2f96,1e-05,1648582444
0x964b7987231549ba2ce2e32e2dde5acc4931760c829ce8acda7a26161f0685a7,0x53315deb6d95ad7b3863ac97c7ae46e785abac52,0x098b716b8aaf21512996dc57eb0615e2383e2f96,0.0,1648582326
0x51cd9c2fc1d31abffcbf41447a26c073a3b71bccbcd16909d0961387a3e93dda,0x5a5444f6b5d511f61ff7c3152054d4030f3891ca,0x098b716b8aaf21512996dc57eb0615e2383e2f96,0.0003,1648582038
0x1cc3409536471eb1b5c1a22bc8b4d0f02952d56cbf860eba2fbb83a63fe6d5b1,0x5a5444f6b5d511f61ff7c3152054d4030f3891ca,0x098b716b8aaf21512996dc57eb0615e2383e2f96,0.0003,1648581569
0x1da91a86e220747e5456779c46420ee0fb197a1a82c142d3c1c910d8807538df,0x5a5444f6b5d511f61ff7c3152054d4030f3891ca,0x098b716b8aaf21512996dc57eb0615e2383e2f96,0.0003,1648581569
0x464b2db8fc85857048de978820a2b6e1094b2463ff64d594383ec9c9c0c8fe0f,0x5a5444f6b5d511f61ff7c3152054d4030f3891ca,0x098b716b8aaf21512996dc57eb0615e2383e2f96,0.0003,1648579503
0x8a34694a0b1859583dbe69bb944241c233b0b06f04990f4d09a192045a0a4465,0x4a2d482e20d5c0f8767739f641eda0baa0740858,0x098b716b8aaf21512996dc57eb0615e2383e2f96,1e-08,1648578483
0x15f7dad6a7fe1c33b2789a931f47c7abe38c60868b9e4359b57c772edd532fc4,0xda3ed34f09fbf58f2196d194d51ac165b11bfeac,0x098b716b8aaf21512996dc57eb0615e2383e2f96,0.0003,1648578291
0xfe2eb3fac8b876fb39eb4b1c0fa3a2a7876bc22056ec03d312b1b5651a118e3c,0x07cd0884bd08f547f1c0799fe7a7eb23d8fe4452,0x098b716b8aaf21512996dc57eb0615e2383e2f96,0.001,1648578291
0xea1a1b35936f0635d6e2571df106f2735219798fd3bd4fa40bd6fc395ad50d29,0x5a5444f6b5d511f61ff7c3152054d4030f3891ca,0x098b716b8aaf21512996dc57eb0615e2383e2f96,0.0003,1648578291
0x50c3529c8b742f4aae4264e8c05a1428b5c5270dd8cf0d47e0872001ad87c62a,0xf62ac058657ff9a98a94efe43ca9b8ec56652da4,0x098b716b8aaf21512996dc57eb0615e2383e2f96,0.0,1648578269
0xa68c367a3509265db477e8a824a49747491cb3b3f1060c4f1c144238d90abf40,0x5a5444f6b5d511f61ff7c3152054d4030f3891ca,0x098b716b8aaf21512996dc57eb0615e2383e2f96,0.0003,1648577684
0x408f9e148005c08a73f28f30674dbc41ae17c6c18ea598db7cb4c583b9ec33e1,0x2342b8412558605acbba5f98963c996726535b87,0x098b716b8aaf21512996dc57eb0615e2383e2f96,0.000586248944751899,1648577385
0xf952004085fe85186a5205178b43214c7159fa1215bbba559499a3bb0303adad,0x78fd8ea43ae2e19ed8c88e72d317d7bf5b25a8e3,0x098b716b8aaf21512996dc57eb0615e2383e2f96,0.001310944427278948,1648577102
0x283d73ffdb711bc6f6177b25437a37fc2d4852b8ecc317b7a9e33042e2f7255f,0xbe0a3c80ca9c382d173f011113c379785b30f4c4,0x098b716b8aaf21512996dc57eb0615e2383e2f96,1e-05,1648576826
0xd866f87be0f44732b7a2dbfd7bb1389f8072760b550fd5041d72c7935fcd7648,0xbe0a3c80ca9c382d173f011113c379785b30f4c4,0x098b716b8aaf21512996dc57eb0615e2383e2f96,1e-05,1648576826
0x795ae22a800d82c22a27618ecb8527c75b7ffcbbd6ac9c38537af5969537e255,0xbe0a3c80ca9c382d173f011113c379785b30f4c4,0x098b716b8aaf21512996dc57eb0615e2383e2f96,1e-05,1648576826
0x1c0dd84c5cfb04b20a3c551df455e5f55005f9dd62c4cf7a6ae1ae51b2a0102b,0x5a5444f6b5d511f61ff7c3152054d4030f3891ca,0x098b716b8aaf21512996dc57eb0615e2383e2f96,0.0003,1648576826
0x62abf26f95bd573ead397fec57f42d88b975e1e260adc3d8f0590cc8dfec9330,0x6bbeb2dcb98696f22041bf54915030b461d8b423,0x098b716b8aaf21512996dc57eb0615e2383e2f96,0.0042069,1648576418
0xef2005d3e7251cc38780ea781b7b3a340318eade43f1ef76d86c4a569faa730c,0x6bbeb2dcb98696f22041bf54915030b461d8b423,0x098b716b8aaf21512996dc57eb0615e2383e2f96,0.0042069,1648576373
0xabea2f03af7f034f404f8677fdbcd7b0db51d0e71cf18dff738b66b0e11a84a8,0x6bbeb2dcb98696f22041bf54915030b461d8b423,0x098b716b8aaf21512996dc57eb0615e2383e2f96,0.001,1648576373
0x1bc00599b38c66b651df53dc9923d13ed9e506568ff5fa3a59fb47620d515e14,0x5a5444f6b5d511f61ff7c3152054d4030f3891ca,0x098b716b8aaf21512996dc57eb0615e2383e2f96,0.0003,1648576255
0xc5c97ca41725d75ea2952ad236ab9f9b6d682836c613ee95429a6f5a51210e65,0xa14429e90bd90e17d2a97c4eac1feefabb88727f,0x098b716b8aaf21512996dc57eb0615e2383e2f96,1e-05,1648576210
0x7474b9930d2332d70b53acb29ae1d1ffb2776fef84bd0971cb73ebe658eee6aa,0x31faa96ea12584fe3d9bf27a14cdfa7922bb5af9,0x098b716b8aaf21512996dc57eb0615e2383e2f96,1e-06,1648576163
0x7343884956de45961c97e154491425644205870ee9cde475b84853c4a1122e57,0x975f6b37456b9b03996f494b430bde71e75429a4,0x098b716b8aaf21512996dc57eb0615e2383e2f96,1e-05,1648576078
0xb2d771536c053edf0d9c819bfe3ed1de8ad8b610e021185af8838da437e8df4d,0xd60cb6587da02f079991161f6314761784ed350d,0x098b716b8aaf21512996dc57eb0615e2383e2f96,0.0001,1648575963
0x998392a98ab909f5676a82bce1e11aa9e630bf5ab1d69c9ad20d50641c961835,0x5c154585caa1aecda5842f576fe76ef95bee7f75,0x098b716b8aaf21512996dc57eb0615e2383e2f96,0.00029,1648575927
0x834e5cf48ddbd440207934cacb744f2ad2c64b7da1381c19e88a3c20ff78337a,0x629b174bc7cbccd97be125c770f7d582a5910353,0x098b716b8aaf21512996dc57eb0615e2383e2f96,0.0,1648575584
0xaa548936772fc7fa360738ccc5cc80b56ae642b639a7695b8a4814099b71cac6,0x5f544f236712ac9926abcd3acc2ebb58b1b7c4b0,0x098b716b8aaf21512996dc57eb0615e2383e2f96,0.001,1648575277
0xb84ab283c337ee79e9a037d9f17ba0fb48c57d81d3c3ca4639e39939433aa65e,0xcd063293da3c7e5904ca60ab86e37068c941abb0,0x098b716b8aaf21512996dc57eb0615e2383e2f96,1e-06,1648575254
0x742a2f06e9ff40607147b975e5d02ee1a6e00165d6e50c49862ab7e58911465d,0x45b6be23893ff103772f6965db945420fba9009b,0x098b716b8aaf21512996dc57eb0615e2383e2f96,0.0,1648575243
0x5109c6839284dce389f0fb3afa330bede9bbad7951c17714e74447d79cf79834,0xe8cc8337dd0e53b3d39a2311526f4da2c0d9e392,0x098b716b8aaf21512996dc57eb0615e2383e2f96,0.00147,1648575193
0x0f57427c94845fd1a6abdec495e9ad8822b97a0f6ef6bd02f5799ca9ac353573,0x5a5444f6b5d511f61ff7c3152054d4030f3891ca,0x098b716b8aaf21512996dc57eb0615e2383e2f96,0.0003,1648575101
0x4141e46cd4c24fd87886058ffcbf32ade4449fdfec2a6f918287d2e9fdd5ba21,0x90af4a35e763f26498f88f03240d2fa3c8b66480,0x098b716b8aaf21512996dc57eb0615e2383e2f96,1e-06,1648575101
0x09ea7f50f28fa30d2bdca4fd405a8b48ca2d349c9ab1a01fdb475878d596d341,0x9602ed86a671816cdcad5cbb3748aabaeb2e2d06,0x098b716b8aaf21512996dc57eb0615e2383e2f96,5.2e-05,1648575076
0x0a28afc01f5189b9b9aa313c4578de276eb071f0d44efc00a86cd7d9c755eeb5,0x00000000000360176d958e11c140308cd0863679,0x098b716b8aaf21512996dc57eb0615e2383e2f96,4.269e-09,1648574560
0xaa876450a916fa765193e27b1bb4a440399f388ec42f9187be6d6a8d17088308,0x65142aeb513c3d1e52320e49dd15efcd9216e79c,0x098b716b8aaf21512996dc57eb0615e2383e2f96,0.0001,1648574014
0xedc14e8da2a7fc49b724817cc4d66d71a1e61d9acac08873d489b0a6c5758ea0,0x00bd22a92b900fb8448b28e2c2e81432e47ae2d2,0x098b716b8aaf21512996dc57eb0615e2383e2f96,6.66e-05,1648574000
0x25d6e35669f2143ab2efaba96aacd543146f5c5ae41a825afbe7b1f3388b442f,0x5a5444f6b5d511f61ff7c3152054d4030f3891ca,0x098b716b8aaf21512996dc57eb0615e2383e2f96,0.0003,1648573735
0x9a1df799680defab6f6da08bc13d019d2d508cace60c954c8e9f857fb1908985,0x4e7a17c87d63ac3a78b718530a3f345c2feaeba2,0x098b716b8aaf21512996dc57eb0615e2383e2f96,0.00042069,1648573637
0xe1538680a9a31ab6196950572d12bc1aa3b9b9bec6b1659b2f24eb3760333933,0x5a5444f6b5d511f61ff7c3152054d4030f3891ca,0x098b716b8aaf21512996dc57eb0615e2383e2f96,0.0003,1648573610
0xfa25af12e512130378255687e934ed82a264dcd405729b14e89eccf56670aab0,0x5a5444f6b5d511f61ff7c3152054d4030f3891ca,0x098b716b8aaf21512996dc57eb0615e2383e2f96,0.0003,1648573585
0xec4c1bc6fe466e3bf84ab9c29c21e2d6cc56675b1e6ed1ef207698aa76d07b69,0xecf8a6b5acdf1c3282d8db62c48bd794d01708d9,0x098b716b8aaf21512996dc57eb0615e2383e2f96,0.0,1648573303
0xb40531611aa33b63aa025034927c4c016622a3ffd92d92cbeae3ba2bc496342e,0xece7a9332e4373a22c8ae7baa781378340626123,0x098b716b8aaf21512996dc57eb0615e2383e2f96,1e-05,1648573255
0x1f4e88117d059fe5f07cc66dd24eebbc05dcd8dfc8cf5ec7aa1e81be38f6da55,0x275a223d34676dfb417f3c18385664a8d35c13fa,0x098b716b8aaf21512996dc57eb0615e2383e2f96,0.0001,1648573255
0x202c8774a96c14da7c5db8bb7a0620be98f56f3b108e291fcbf5ee51286976ba,0x5a5444f6b5d511f61ff7c3152054d4030f3891ca,0x098b716b8aaf21512996dc57eb0615e2383e2f96,0.0003,1648573254
0xe346f86ab132ec45e03e1c8a903cb1cd7c2acf6c093459f4e4de4aa880e05705,0xc2da66c2d669d981455eec43357ae5cd3d388a01,0x098b716b8aaf21512996dc57eb0615e2383e2f96,0.000666,1648573216
0x94a906fd034687f935672284d291004c352617034eae22a37ac70fc4d2622486,0x5a5444f6b5d511f61ff7c3152054d4030f3891ca,0x098b716b8aaf21512996dc57eb0615e2383e2f96,0.0003,1648573138
0xa2918d95c4f2490b8eaa4f1a2303f1542563d8d5df5da2013eaf9f209243e6c9,0xc2da66c2d669d981455eec43357ae5cd3d388a01,0x098b716b8aaf21512996dc57eb0615e2383e2f96,0.0022888,1648573089
0xc67c92bd799e0f87389c9649eec6d9cde3ba2efdcfc249b6529f6bdbf2628f00,0x5a5444f6b5d511f61ff7c3152054d4030f3891ca,0x098b716b8aaf21512996dc57eb0615e2383e2f96,0.0003,1648573072
0xd44e35a63a34f8c88d3eeeb5ba49cc14da4f6c2193e91cced7bfb8387706e545,0x5a5444f6b5d511f61ff7c3152054d4030f3891ca,0x098b716b8aaf21512996dc57eb0615e2383e2f96,0.0003,1648573039
0x61b6e74a2747d99b305e06678b20da3d5d5e4878c6c8e1e67ecff680cce09bf4,0xc2da66c2d669d981455eec43357ae5cd3d388a01,0x098b716b8aaf21512996dc57eb0615e2383e2f96,0.0052,1648572982
0x11de4c81f9f8766cb176aa927af3699f807b5dbdc678251d2e658cbfbfbb9d09,0x5a5444f6b5d511f61ff7c3152054d4030f3891ca,0x098b716b8aaf21512996dc57eb0615e2383e2f96,0.0003,1648572982
0x021c889e51ac98fcf69948436584f7b2d1e1c4322bb68613c1193a0a1dadfb01,0xaeacc53f6e7e46b317e18354bd16b3b0fa52ea27,0x098b716b8aaf21512996dc57eb0615e2383e2f96,0.0003,1648572982
0x25edea43a9f5639141e59a79b0431ca469f41efc31b9bef3f01ad75c79542eac,0x5a5444f6b5d511f61ff7c3152054d4030f3891ca,0x098b716b8aaf21512996dc57eb0615e2383e2f96,0.0003,1648572941
0x1ac0d8b9f64bd5226c2804822c113d41c66f40784e940648bf5cc032a3e80af1,0x0dced7f736a22dfc9b77f265d5bde568879aa0e1,0x098b716b8aaf21512996dc57eb0615e2383e2f96,0.008,1648572869
0xd4972a482ecab8be36129f4b63797fc7e479002f256721cb7d6d1da6a984fc74,0x128ca64a0fc0c7687106db709191ec58427a80b5,0x098b716b8aaf21512996dc57eb0615e2383e2f96,1e-05,1648572830
0x160dbc21aa0bfb3cdd7757be183b0bcbab982d2b55375443539630cacb2fce4f,0x45cab89856efb6d2440227f15c8db28cd96ae01f,0x098b716b8aaf21512996dc57eb0615e2383e2f96,0.0001,1648572830
0xfa8156508650bb14569be763b66c5d3921f4eaac5a33aac157812b2ed455edec,0x5a5444f6b5d511f61ff7c3152054d4030f3891ca,0x098b716b8aaf21512996dc57eb0615e2383e2f96,0.0003,1648572772
0x9f107de19094aaa1388f919bf4ae0d26628af2cff03d2d9903195ae90189c979,0x5a5444f6b5d511f61ff7c3152054d4030f3891ca,0x098b716b8aaf21512996dc57eb0615e2383e2f96,0.0003,1648572738
0x306cb5a1bfee7ef3ae9f35cd0884685e2961f4dc292758c0ad9ff0d551b1fd8f,0x5a5444f6b5d511f61ff7c3152054d4030f3891ca,0x098b716b8aaf21512996dc57eb0615e2383e2f96,0.0003,1648572673
0xc4d2f04ece2e53bb74ee9fc207247cb4555553ac918cfc0cfb4e83952390ee4d,0xaeacc53f6e7e46b317e18354bd16b3b0fa52ea27,0x098b716b8aaf21512996dc57eb0615e2383e2f96,0.0003,1648572673
0xba643146ecc23dda193ccb5f18023e25f0c1efb6ff2bf0b3277a55130aa584bf,0x14021d4b0cb75c565124b17224e03fbfe58a96cc,0x098b716b8aaf21512996dc57eb0615e2383e2f96,0.001,1648572621
0x8235623d36e327de516e6c5abaf414f6cd9bcf7ffb8d4c8517563bbc44a31f63,0x8358e0f54179ec00736411244489c60c0c14436b,0x098b716b8aaf21512996dc57eb0615e2383e2f96,0.005,1648572621
0xa4f2c8d2a23e2fd646d8819130199b57c888065aa37160db5ccdf6bb593c6f18,0xab3eeae9e5d2fcea35722f6d17f4a1f4dbbe11d7,0x098b716b8aaf21512996dc57eb0615e2383e2f96,0.0003,1648572580
0x07d7cbca812c72dc5ab8969af73d754eb366a1807934fdccad6d97383db85547,0xaeacc53f6e7e46b317e18354bd16b3b0fa52ea27,0x098b716b8aaf21512996dc57eb0615e2383e2f96,0.0016,1648572513
0xcc2f225d7edebca12672db4cac96cfef13c8016140345e8e0d9681661eb090e1,0xab3eeae9e5d2fcea35722f6d17f4a1f4dbbe11d7,0x098b716b8aaf21512996dc57eb0615e2383e2f96,0.0003,1648572497
0x6b705996bdbc07330801b697a028ddf4eb757940a3330761b5916e667d12d257,0x288af93bb8b388563b411f071bc136e9e4a56e51,0x098b716b8aaf21512996dc57eb0615e2383e2f96,0.0,1648572477
0x7231a3f20c1b06af61433669f536cab04a54b23df2b5511c2cced1b7ff534561,0x288af93bb8b388563b411f071bc136e9e4a56e51,0x098b716b8aaf21512996dc57eb0615e2383e2f96,0.0,1648572477
0x76acca063b344f253aa6a803b18465349f4b44693d4573ae09c42bc71e557b80,0x935ba0bd43ea70148bd7bad8eebf28b778fdd16c,0x098b716b8aaf21512996dc57eb0615e2383e2f96,1e-06,1648572477
0x9bfb8729cce433ab251f2f153d47414bbeeacbfb90e7dbef4ee9ef2ec49e659e,0x06b1767503aec0d3e827cd27bb016f00f1cec862,0x098b716b8aaf21512996dc57eb0615e2383e2f96,0.0001,1648572364
0x5ae40eecfb979517224072525b206c9a1077974a9f5b15523bae1c2feb31367d,0x10ef9402ddb1313819a603e4beda6331e48cce1f,0x098b716b8aaf21512996dc57eb0615e2383e2f96,0.001314,1648572339
0x83e630a8c55c311411d362549bde44ead561e7c307023e9e4ed45df679bb81da,0x0f1ccf396563cbc7c1f63eb42c2f853b383160cb,0x098b716b8aaf21512996dc57eb0615e2383e2f96,1e-05,1648572301
0x59268aa7e94534684ac73288f885d9f80ac530e253d3065ccedf9b011acc2709,0x83b3d0f157090c2a91f064b60f886137d62f2c00,0x098b716b8aaf21512996dc57eb0615e2383e2f96,1e-05,1648572301
0x0081ce1351b6f1188b2261dc841f48a52b2b7726796c7cb712242b8f0277a267,0x3df264de02a63a8731c3ed3aed99f1765164a302,0x098b716b8aaf21512996dc57eb0615e2383e2f96,1e-07,1648572266
0xd4c574413dffb9bae1548c48bd80dcd09a5418b04fdc8fc6ab7cfaa31011d77e,0xd185911970d161ba6972548357ab123e8b674218,0x098b716b8aaf21512996dc57eb0615e2383e2f96,1e-05,1648572260
0x1c80790678457068ce5a510677f7187532c76045218fc965829a158844bc7517,0xcb5e7168589a5ecdc06e6a83389486768ec605d3,0x098b716b8aaf21512996dc57eb0615e2383e2f96,0.0001,1648572253
0x2cde868c5e32af63c40e639a41c4e2e20e23e62f63a92a7414136872420ca303,0x4e357c673911f3e5315c73fe9e57919ed11ae20e,0x098b716b8aaf21512996dc57eb0615e2383e2f96,0.000666,1648572245
0xa09a6556d9a10d1f41e954e83ec7a7f2a2aa942dd747f28eab43e1903b098c8c,0x1c9ed8a5d936c4bf91fda31e36a24325536bf291,0x098b716b8aaf21512996dc57eb0615e2383e2f96,0.001,1648572245
0x18da56342a3cf6ebb6728ec04ad2c96a942eabab3061cb7689a54a21a86134d6,0x8f1e36a2f9313395e4f46e2b9073dcd9c382a5aa,0x098b716b8aaf21512996dc57eb0615e2383e2f96,0.001,1648572245
0x53799624f56b384bd453b303a4d4377b45b71b06185e2b1d38b15fb110d32deb,0x1021f3e9f52a09d509225ebfe467eac14dfbeb79,0x098b716b8aaf21512996dc57eb0615e2383e2f96,0.0001,1648572241
0x700d42d54cab55094ab7d863607a3c599f7ab1f0f36d34e9137878a7de007c63,0x196c682b1813cb335b185d0ab5f0a186b04d4633,0x098b716b8aaf21512996dc57eb0615e2383e2f96,0.00088,1648571998
0x7d5a3d26c7a910296e6ccd0885ad5de81a22fd050c85ad936a6f0b4151fe5fa3,0xf56b7647799e2c4d2fcf93a62b1b578723718814,0x098b716b8aaf21512996dc57eb0615e2383e2f96,0.002,1648571998
0xb95682bb4497a461e41288c775db237a44f9c021c4acbac6fd867570cc5734b3,0x167ac0c63d76352c8f3682b42bef71c5ef4d0594,0x098b716b8aaf21512996dc57eb0615e2383e2f96,0.0001,1648571807
0xe3cbe12fb826a92dc965c960e5a2ac3359fe196d6e5e15f9836e532f665f03b0,0x4e7a17c87d63ac3a78b718530a3f345c2feaeba2,0x098b716b8aaf21512996dc57eb0615e2383e2f96,0.00042069,1648571803
0x1d82f80eab11d3404a92067f3558d15f17bc4e7a42ed8cad7f4a13792e123fd4,0xb6329a353e95f08281cfc204186d5fef122416d7,0x098b716b8aaf21512996dc57eb0615e2383e2f96,0.0,1648571794
0x5f80adce8e1f7e176f0e40ed0a1bebac964d578317fd1b3c89c27118ea836f7e,0x4aa141ae689da66e7cbe421d6bb93e8d23d660de,0x098b716b8aaf21512996dc57eb0615e2383e2f96,0.001,1648571738
0x3c9553c08f3d073d13116677ccb5790b8360586f064bb0bc1b44a1e9c681f1bc,0x4d655f108956e7872cd118214e4f5073c79dddd3,0x098b716b8aaf21512996dc57eb0615e2383e2f96,0.0001,1648571592
0x87bcced457e50657e9a485fa9325a7f692bd01394e8082fc5549b27f09a7a145,0xa15e31f36d2b2544c89f474c1bf0cf45d5999999,0x098b716b8aaf21512996dc57eb0615e2383e2f96,1e-05,1648571529
0x67fa3b0e787f326a974d1c55a6020c761e1c33198495ddcbb10fbd0334ddf4d5,0x1c208fcb9d15e0e04a0a579e0f6121e2057ff7f6,0x098b716b8aaf21512996dc57eb0615e2383e2f96,0.0,1648571331
0x58086e6a6aa5df62fbcdadda136049bab4c34209904a58cf1959e420fc52df5b,0x03cf40b900971561ac6bd997ef1fe939dcbc95e2,0x098b716b8aaf21512996dc57eb0615e2383e2f96,0.0,1648571306
0xf5c1fe476b8e8abc19d2b06663dbc8a79be01da85f0331ea1c4c32c39d4e9d74,0x03cf40b900971561ac6bd997ef1fe939dcbc95e2,0x098b716b8aaf21512996dc57eb0615e2383e2f96,0.0,1648571306
0x20af303a29f49eeead21933cf040def9b2e96ee969129c5cf83c1226d1d1d0bc,0x03cf40b900971561ac6bd997ef1fe939dcbc95e2,0x098b716b8aaf21512996dc57eb0615e2383e2f96,0.0,1648571306
0x8299973ba23bae992ddab64797d63f0bbf0dccf2a7fa5beb7855dbeb2c7007ae,0x03cf40b900971561ac6bd997ef1fe939dcbc95e2,0x098b716b8aaf21512996dc57eb0615e2383e2f96,0.0,1648571306
0xa2c4107292eda224fb2c1b2e4b96e6f9a69f42fbdb8ffb88e9dd2ae4ec1f6294,0x5030af6967df26a2bd7788b1d830c952e8ae66e4,0x098b716b8aaf21512996dc57eb0615e2383e2f96,0.0,1648571003
0xeac97ae284530ccbc4cddd6ab9e191edb162c254d6330b235e6903e0da32f5c7,0x514ab089938c7bf03f83420751b0da148220590d,0x098b716b8aaf21512996dc57eb0615e2383e2f96,0.0,1648571003
0x6748815a0435b91e3f175463df5034ecb5c8bcec25e15580bd5015536788f724,0x03cf40b900971561ac6bd997ef1fe939dcbc95e2,0x098b716b8aaf21512996dc57eb0615e2383e2f96,0.0,1648571003
0xc27de0d6b44cfcd5381c53cb4ba4f21de45a4303e03a4eb8d627de8fa0825959,0x03cf40b900971561ac6bd997ef1fe939dcbc95e2,0x098b716b8aaf21512996dc57eb0615e2383e2f96,0.0,1648571003
0xec16b8d57df7be2630e80a3b92a8c521dbdc972649d2db5ee026b51a0a3f29a3,0x3f43613210c4f79efefcc9bdacf0a8d391714f3f,0x098b716b8aaf21512996dc57eb0615e2383e2f96,0.01,1648571000
0x022786cd13d8e311a0281327c3473af267ded00d0c680d09b9b25a76204f91c2,0x4e7a17c87d63ac3a78b718530a3f345c2feaeba2,0x098b716b8aaf21512996dc57eb0615e2383e2f96,0.0001,1648571000
0xb8d7c1d480580aa33d87c99c6df2641eeb8f3c986b2864ba57666802802c982e,0x03cf40b900971561ac6bd997ef1fe939dcbc95e2,0x098b716b8aaf21512996dc57eb0615e2383e2f96,0.0,1648571000
0x915cb73555a8acb51ce1cc397a90e4b7afa525907d893fe19c4701584e91ae9b,0x03cf40b900971561ac6bd997ef1fe939dcbc95e2,0x098b716b8aaf21512996dc57eb0615e2383e2f96,0.0,1648571000
0xbe5f52cfd1b41725d28a4446fdb1e7335d5928cdce374979269d6bcf0da1a5fb,0x1eeca807877d4682ad02930960c297d7456fb155,0x098b716b8aaf21512996dc57eb0615e2383e2f96,0.0001,1648570890
0x9aedf614b77ac8e0a535eaed1a1720e42694c6bf4aecd70a870b4db72c2fed97,0x880833ebbcdc2628b7878969430a49c2cb7f0b4e,0x098b716b8aaf21512996dc57eb0615e2383e2f96,0.0001,1648570884
0xe7520035737b331b95e38d2ec8a461b3ab98432854582e67f44da842142f0b52,0xeb878adb986458c7ac563f52d8756058280eafa4,0x098b716b8aaf21512996dc57eb0615e2383e2f96,0.001,1648570875
0x7942d60703f7b4a811baccafde6a223a605fff8ab2f039b5275e86d067502cb1,0xd418e97d62b546bf33e60a24dfe2b9c9b093837c,0x098b716b8aaf21512996dc57eb0615e2383e2f96,0.0001,1648570855
0xcf2ae553489ae9f0fe1990d2b5a9ae587ea37382cec027bbd802a6b0aff25617,0x03cf40b900971561ac6bd997ef1fe939dcbc95e2,0x098b716b8aaf21512996dc57eb0615e2383e2f96,0.0,1648570812
0xd58c87666fa66df077bd3c84443e56dd653164cc6fc1f222d4347d2f3c1a47e0,0x03cf40b900971561ac6bd997ef1fe939dcbc95e2,0x098b716b8aaf21512996dc57eb0615e2383e2f96,0.0,1648570795
0xf30dc6303ef97c3d4a5d03bcdf82744a23378cb04ce6ca16e817763d6c58ebca,0x03cf40b900971561ac6bd997ef1fe939dcbc95e2,0x098b716b8aaf21512996dc57eb0615e2383e2f96,0.0,1648570795
0x18369e025af14ab4ef24a22f9c7eba6929f79dbc384408dba5d9b618adfc298c,0x03cf40b900971561ac6bd997ef1fe939dcbc95e2,0x098b716b8aaf21512996dc57eb0615e2383e2f96,0.0,1648570784
0x235334077f5a5f3f180a0beb3c3bc33c5381915cb25e5c33da883d35e0e84c8b,0x03cf40b900971561ac6bd997ef1fe939dcbc95e2,0x098b716b8aaf21512996dc57eb0615e2383e2f96,0.0,1648570691
0xc5d899dbb2df837fad6ae5e2fc36e27dcaf6d419b9862577a0efa8e926929d9c,0xe9baa3f28df9d0646fa872b9c3ca2b9b14aeeed5,0x098b716b8aaf21512996dc57eb0615e2383e2f96,1e-05,1648570605
0xc5b46073c091966c92b38d40e97d1eb29d90cef694cf3aae19ac6a715ef8d4cc,0x03cf40b900971561ac6bd997ef1fe939dcbc95e2,0x098b716b8aaf21512996dc57eb0615e2383e2f96,0.0,1648570498
0xb70b8befda01d10cb3f5e865156e0086191a094d71857c60214add9528a27826,0x03cf40b900971561ac6bd997ef1fe939dcbc95e2,0x098b716b8aaf21512996dc57eb0615e2383e2f96,0.0,1648570483
0xc5069f3030fb74deaab7a157a9f79b225ecf6b0f038b9d38008b1cfdf0d427cc,0xb1e33c350d1b865b75e3f116b18dc752cb7e163f,0x098b716b8aaf21512996dc57eb0615e2383e2f96,0.001,1648570460
0xe28ece41ba8bbb9c1bf36a25507171fac8b33bb17baa7efc649190a04e1b1969,0x03cf40b900971561ac6bd997ef1fe939dcbc95e2,0x098b716b8aaf21512996dc57eb0615e2383e2f96,0.0,1648570460
0x8e3d97a6e0b4cab44cd5a206c236084ede37b18fa19cc0b8ce412897741a2e61,0x03cf40b900971561ac6bd997ef1fe939dcbc95e2,0x098b716b8aaf21512996dc57eb0615e2383e2f96,0.0,1648570460
0x789420bb7b61c3f8994f4e44cd206c30c5e8fbbe58dd570fb09935e1fa28e2cc,0x03cf40b900971561ac6bd997ef1fe939dcbc95e2,0x098b716b8aaf21512996dc57eb0615e2383e2f96,0.0,1648570452
0x0170ab87da148240598a4ae1562a186a387773d9b3bb1834d6f67d40e85f7c1f,0x03cf40b900971561ac6bd997ef1fe939dcbc95e2,0x098b716b8aaf21512996dc57eb0615e2383e2f96,0.0,1648570443
0x66d2ee3eb6ed5a245e646a0bbea32fa047574a910113cd558464b76bfe21feb5,0x03cf40b900971561ac6bd997ef1fe939dcbc95e2,0x098b716b8aaf21512996dc57eb0615e2383e2f96,0.0,1648570443
0x84a5b0771ee5b8ef870be15fcc61c6ad2ae68ecbeca07a4b590a9c0e20bbb6c0,0x03cf40b900971561ac6bd997ef1fe939dcbc95e2,0x098b716b8aaf21512996dc57eb0615e2383e2f96,0.0,1648570424
0xdd07628a44e88dfbd6754063b8fcdac42d497a7c3177a2f0da2d65e798ddc43e,0x03cf40b900971561ac6bd997ef1fe939dcbc95e2,0x098b716b8aaf21512996dc57eb0615e2383e2f96,0.0,1648570397
0x7253af594be6b1dd6c80013190fbad22eedfc305fdb213618a589104fddf96ad,0x03cf40b900971561ac6bd997ef1fe939dcbc95e2,0x098b716b8aaf21512996dc57eb0615e2383e2f96,0.0,1648570374
0x25d9e4eb0deff4b5a38eff2b46b8f375dad7e67e788563dda6d89f1ecd777fe0,0x03cf40b900971561ac6bd997ef1fe939dcbc95e2,0x098b716b8aaf21512996dc57eb0615e2383e2f96,0.0,1648570374
0x57d73693a0f986e9c972f5c83f306c58ad986117fd0775d514defb5d8cd840ec,0x03cf40b900971561ac6bd997ef1fe939dcbc95e2,0x098b716b8aaf21512996dc57eb0615e2383e2f96,0.0,1648570358
0x1e6cdd7c7ec081bbaea041cef7cf39c3665db0a593021118cc1ab3f017a8c313,0x03cf40b900971561ac6bd997ef1fe939dcbc95e2,0x098b716b8aaf21512996dc57eb0615e2383e2f96,0.0,1648570344
0xd3ff94db9c8d77062d663aa11b97f974ea2d29e8b35db71c60da1f52194f0f80,0x03cf40b900971561ac6bd997ef1fe939dcbc95e2,0x098b716b8aaf21512996dc57eb0615e2383e2f96,0.0,1648570331
0xff5bac26ea9988b2ff60718c5e29357d3e7f1a4549436d1c073931c8c09c85cc,0x03cf40b900971561ac6bd997ef1fe939dcbc95e2,0x098b716b8aaf21512996dc57eb0615e2383e2f96,0.0,1648570320
0x2d973617082ad46d49b7cab1294c122f0440c70fcb0176bf9685f4cc6f1d4435,0x03cf40b900971561ac6bd997ef1fe939dcbc95e2,0x098b716b8aaf21512996dc57eb0615e2383e2f96,0.0,1648570288
0x9ac8fde4658b8a35f96714ef9e8465085d07a20e477aa3a469b1c73060013433,0x03cf40b900971561ac6bd997ef1fe939dcbc95e2,0x098b716b8aaf21512996dc57eb0615e2383e2f96,0.0,1648570278
0xe46904c1b8a649cb7498ead3356d94fdf26f69911d0e3fc3666b86cc6e2f3bd3,0x514ab089938c7bf03f83420751b0da148220590d,0x098b716b8aaf21512996dc57eb0615e2383e2f96,0.0,1648570252
0x3c9a93846615ef068911809166c39ea9e40e359e25e22fff8efdfc6e3f1c3312,0x6be687a5143ff5220cc5f4b3c6a43468b5331bc1,0x098b716b8aaf21512996dc57eb0615e2383e2f96,0.01,1648569803
0xa9d9b731b7e1d44c75bcf8580d129b715e31be2b0b99437d78312681cfd99574,0x098b716b8aaf21512996dc57eb0615e2383e2f96,0x5d84a732b355ada31a36b33c446e3dee28f51555,1250.0,1648521475
0xb0b1aeb2e2b816dd38c3d5a95166220884068fa95fe4fa77c2d087ac79a430d3,0x098b716b8aaf21512996dc57eb0615e2383e2f96,0x29fc9b71492ec63696cf9cd56e9832a42b0dced0,1250.0,1648521338
0xb4a10ba6d65564b7c16301c160d6cc20c302930372bbc7b6ae8b6c7c00e6329b,0x098b716b8aaf21512996dc57eb0615e2383e2f96,0x9fae13de16d34873246e48b514fc88581751533f,750.0,1648460809
0xc4df81444928db931c0520e97156631b620873231ba87aff2a43f15a6e068f01,0x098b716b8aaf21512996dc57eb0615e2383e2f96,0xdb3a63562bb7afd44e6b6be8c8269f807c39f5fa,750.0,1648455050
0xbca767de1cd8617b48b0c889779242cc5ebf77746930ae5ffd8bd9ade4e5591f,0x098b716b8aaf21512996dc57eb0615e2383e2f96,0x776b80e3fd97516ae3a2579cf4eae5ff5867d0f3,750.0,1648450347
0x47798dbe0585d1c5635ecbd7b16d18ad5d81577f523e2ea42d87190bcbda0715,0x098b716b8aaf21512996dc57eb0615e2383e2f96,0x9fae13de16d34873246e48b514fc88581751533f,500.0,1648434978
0x2a2942caeec35d5543bbff5dbd794c37f0cb5d14fd0ee552eb280f4680c51a60,0x098b716b8aaf21512996dc57eb0615e2383e2f96,0xdb3a63562bb7afd44e6b6be8c8269f807c39f5fa,500.0,1648434787
0xa442188adf18a5b46064b15b4425751cafca157e7812a2b770e06f9f555844cb,0x098b716b8aaf21512996dc57eb0615e2383e2f96,0x776b80e3fd97516ae3a2579cf4eae5ff5867d0f3,500.0,1648434638
0x67660f03925dc4ce2dfe9350a0d630ee8373e1ee26e0983e3f394aa3583b2e6c,0xe708f17240732bbfa1baa8513f66b665fbc7ce10,0x098b716b8aaf21512996dc57eb0615e2383e2f96,3364.5375835279715,1648044690
0xb7bf311480c735b90b8f7b888e0ee8ec7cf669e090e3f4a8cc2c5aa4b94f883e,0x665660f65e94454a64b96693a67a41d440155617,0x098b716b8aaf21512996dc57eb0615e2383e2f96,1180.1426056027744,1648044690
0x287dad48bfea44fcd5e180a9109e51e56bda64504d3242879c2575d83265c538,0x098b716b8aaf21512996dc57eb0615e2383e2f96,0xa0b86991c6218b36c1d19d4a2e9eb0ce3606eb48,0.0,1648044333
0xeec0233a761ff6d347e88c530b35b1c689dcc00e58e49f39f6467c5e549194ed,0x665660f65e94454a64b96693a67a41d440155617,0x098b716b8aaf21512996dc57eb0615e2383e2f96,3390.0,1648044171
0xbb0c1380942c22799dea1df70cca4b4640f1f38760cb9dac9900d0d8099af7c1,0x098b716b8aaf21512996dc57eb0615e2383e2f96,0xa0b86991c6218b36c1d19d4a2e9eb0ce3606eb48,0.0,1648044171
0x4e6d5f19c5237caa30b947e2b6137fec1bb0cb89d11d97bbfeb625909b407680,0x098b716b8aaf21512996dc57eb0615e2383e2f96,0xa0b86991c6218b36c1d19d4a2e9eb0ce3606eb48,0.0,1648044043
0x5dfb733a9522f72e4dff5d6cb635135ee599cf3c19f2b9e4a8c91fba7e7aeb45,0xe708f17240732bbfa1baa8513f66b665fbc7ce10,0x098b716b8aaf21512996dc57eb0615e2383e2f96,330.0,1648043981
0xf1bdc548c0176e6850d4e6bd87612a27932c8886e186044cc843072cd947177f,0x665660f65e94454a64b96693a67a41d440155617,0x098b716b8aaf21512996dc57eb0615e2383e2f96,300.0,1648043938
0x685e095d1f79f1f1af83cf2549a63857b25df28d5b316d514780a4a1c0ad4823,0x098b716b8aaf21512996dc57eb0615e2383e2f96,0xa0b86991c6218b36c1d19d4a2e9eb0ce3606eb48,0.0,1648043804
0x55ae6a400fb41abe493f5f70bba0d6aa4386e2b082ad3ffc851bf22a3dfa7e9b,0x098b716b8aaf21512996dc57eb0615e2383e2f96,0xa0b86991c6218b36c1d19d4a2e9eb0ce3606eb48,0.0,1648043693
0x655dd40d5919d01d7d6a84c8d0fb125552bd3be23eee0750f440d98783908344,0x098b716b8aaf21512996dc57eb0615e2383e2f96,0x665660f65e94454a64b96693a67a41d440155617,1.0,1648043381
0x431136dd361557abe34fe4685a278654e9e1bc7547a40719b348c096c5092d2b,0x098b716b8aaf21512996dc57eb0615e2383e2f96,0xe708f17240732bbfa1baa8513f66b665fbc7ce10,1.0,1648043206
0xed2c72ef1a552ddaec6dd1f5cddf0b59a8f37f82bdda5257d9c7c37db7bb9b08,0x098b716b8aaf21512996dc57eb0615e2383e2f96,0x1a2a1c938ce3ec39b6d47113c7955baa9dd454f2,0.0,1648042264
0xc28fad5e8d5e0ce6a2eaf67b6687be5d58113e16be590824d6cfa1a94467d0b7,0x098b716b8aaf21512996dc57eb0615e2383e2f96,0x1a2a1c938ce3ec39b6d47113c7955baa9dd454f2,0.0,1648042149
0xe0669bbaaa12cf5ecc682848ddc373a9b86e1351bccc01092b744099bf52a87d,0x4976a4a02f38326660d17bf34b431dc6e2eb2327,0x098b716b8aaf21512996dc57eb0615e2383e2f96,1.0569,1648041417
